ano;municipio;codigo_municipio;nr_crimes;populacao_residente
2009;Arcos de Valdevez;1601;49;
2009;Caminha;1602;29;
2009;Melgaço;1603;26;
2009;Monção;1604;13;
2009;Paredes de Coura;1605;7;
2009;Ponte da Barca;1606;26;
2009;Ponte de Lima;1607;79;
2009;Valença;1608;32;
2009;Viana do Castelo;1609;193;
2009;Vila Nova de Cerveira;1610;7;
2009;Amares;301;55;
2009;Barcelos;302;161;
2009;Braga;303;260;
2009;Esposende;306;86;
2009;Terras de Bouro;310;10;
2009;Vila Verde;313;89;
2009;Cabeceiras de Basto;304;24;
2009;Fafe;307;92;
2009;Guimarães;308;233;
2009;Mondim de Basto;1705;7;
2009;Póvoa de Lanhoso;309;15;
2009;Vieira do Minho;311;14;
2009;Vila Nova de Famalicão;312;156;
2009;Vizela;314;34;
2009;Arouca;104;15;
2009;Espinho;107;127;
2009;Gondomar;1304;614;
2009;Maia;1306;346;
2009;Matosinhos;1308;577;
2009;Oliveira de Azeméis;113;116;
2009;Paredes;1310;171;
2009;Porto;1312;1223;
2009;Póvoa de Varzim;1313;118;
2009;Santa Maria da Feira;109;221;
2009;Santo Tirso;1314;139;
2009;São João da Madeira;116;46;
2009;Trofa;1318;69;
2009;Vale de Cambra;119;40;
2009;Valongo;1315;291;
2009;Vila do Conde;1316;182;
2009;Vila Nova de Gaia;1317;1016;
2009;Boticas;1702;5;
2009;Chaves;1703;43;
2009;Montalegre;1706;6;
2009;Ribeira de Pena;1709;13;
2009;Valpaços;1712;48;
2009;Vila Pouca de Aguiar;1713;18;
2009;Amarante;1301;171;
2009;Baião;1302;50;
2009;Castelo de Paiva;106;40;
2009;Celorico de Basto;305;34;
2009;Cinfães;1804;54;
2009;Felgueiras;1303;97;
2009;Lousada;1305;65;
2009;Marco de Canaveses;1307;85;
2009;Paços de Ferreira;1309;82;
2009;Penafiel;1311;128;
2009;Resende;1813;18;
2009;Alijó;1701;17;
2009;Armamar;1801;0;
2009;Carrazeda de Ansiães;403;17;
2009;Freixo de Espada à Cinta;404;5;
2009;Lamego;1805;50;
2009;Mesão Frio;1704;15;
2009;Moimenta da Beira;1807;18;
2009;Murça;1707;9;
2009;Penedono;1812;0;
2009;Peso da Régua;1708;68;
2009;Sabrosa;1710;3;
2009;Santa Marta de Penaguião;1711;0;
2009;São João da Pesqueira;1815;16;
2009;Sernancelhe;1818;12;
2009;Tabuaço;1819;12;
2009;Tarouca;1820;6;
2009;Torre de Moncorvo;409;9;
2009;Vila Nova de Foz Côa;914;10;
2009;Vila Real;1714;65;
2009;Alfândega da Fé;401;4;
2009;Bragança;402;77;
2009;Macedo de Cavaleiros;405;18;
2009;Miranda do Douro;406;6;
2009;Mirandela;407;56;
2009;Mogadouro;408;11;
2009;Vila Flor;410;16;
2009;Vimioso;411;11;
2009;Vinhais;412;0;
2009;Alcobaça;1001;73;
2009;Alenquer;1101;99;
2009;Arruda dos Vinhos;1102;11;
2009;Bombarral;1005;43;
2009;Cadaval;1104;15;
2009;Caldas da Rainha;1006;160;
2009;Lourinhã;1108;38;
2009;Nazaré;1011;41;
2009;Óbidos;1012;19;
2009;Peniche;1014;27;
2009;Sobral de Monte Agraço;1112;14;
2009;Torres Vedras;1113;113;
2009;Águeda;101;63;
2009;Albergaria-a-Velha;102;24;
2009;Anadia;103;29;
2009;Aveiro;105;212;
2009;Estarreja;108;78;
2009;Ílhavo;110;97;
2009;Murtosa;112;29;
2009;Oliveira do Bairro;114;24;
2009;Ovar;115;98;
2009;Sever do Vouga;117;17;
2009;Vagos;118;46;
2009;Arganil;601;23;
2009;Cantanhede;602;64;
2009;Coimbra;603;356;
2009;Condeixa-a-Nova;604;32;
2009;Figueira da Foz;605;137;
2009;Góis;606;13;
2009;Lousã;607;62;
2009;Mealhada;111;13;
2009;Mira;608;11;
2009;Miranda do Corvo;609;28;
2009;Montemor-o-Velho;610;77;
2009;Mortágua;1808;4;
2009;Oliveira do Hospital;611;46;
2009;Pampilhosa da Serra;612;6;
2009;Penacova;613;32;
2009;Penela;614;10;
2009;Soure;615;26;
2009;Tábua;616;21;
2009;Vila Nova de Poiares;617;12;
2009;Alvaiázere;1002;10;
2009;Ansião;1003;32;
2009;Batalha;1004;37;
2009;Castanheira de Pêra;1007;4;
2009;Figueiró dos Vinhos;1008;8;
2009;Leiria;1009;206;
2009;Marinha Grande;1010;117;
2009;Pedrógão Grande;1013;3;
2009;Pombal;1015;87;
2009;Porto de Mós;1016;59;
2009;Aguiar da Beira;901;5;
2009;Carregal do Sal;1802;9;
2009;Castro Daire;1803;12;
2009;Mangualde;1806;29;
2009;Nelas;1809;12;
2009;Oliveira de Frades;1810;21;
2009;Penalva do Castelo;1811;9;
2009;Santa Comba Dão;1814;12;
2009;São Pedro do Sul;1816;25;
2009;Sátão;1817;11;
2009;Tondela;1821;21;
2009;Vila Nova de Paiva;1822;3;
2009;Viseu;1823;248;
2009;Vouzela;1824;19;
2009;Castelo Branco;502;120;
2009;Idanha-a-Nova;505;13;
2009;Oleiros;506;9;
2009;Penamacor;507;5;
2009;Proença-a-Nova;508;14;
2009;Vila Velha de Ródão;511;0;
2009;Abrantes;1401;63;
2009;Alcanena;1402;15;
2009;Constância;1408;0;
2009;Entroncamento;1410;38;
2009;Ferreira do Zêzere;1411;37;
2009;Mação;1413;10;
2009;Ourém;1421;71;
2009;Sardoal;1417;3;
2009;Sertã;509;21;
2009;Tomar;1418;94;
2009;Torres Novas;1419;70;
2009;Vila de Rei;510;3;
2009;Vila Nova da Barquinha;1420;4;
2009;Almeida;902;5;
2009;Belmonte;501;25;
2009;Celorico da Beira;903;12;
2009;Covilhã;503;88;
2009;Figueira de Castelo Rodrigo;904;7;
2009;Fornos de Algodres;905;5;
2009;Fundão;504;48;
2009;Gouveia;906;20;
2009;Guarda;907;51;
2009;Manteigas;908;4;
2009;Mêda;909;10;
2009;Pinhel;910;7;
2009;Sabugal;911;8;
2009;Seia;912;39;
2009;Trancoso;913;24;
2009;Alcochete;1502;37;
2009;Almada;1503;295;
2009;Amadora;1115;631;
2009;Barreiro;1504;185;
2009;Cascais;1105;266;
2009;Lisboa;1106;1383;
2009;Loures;1107;479;
2009;Mafra;1109;56;
2009;Moita;1506;184;
2009;Montijo;1507;66;
2009;Odivelas;1116;314;
2009;Oeiras;1110;428;
2009;Palmela;1508;185;
2009;Seixal;1510;287;
2009;Sesimbra;1511;83;
2009;Setúbal;1512;252;
2009;Sintra;1111;1209;
2009;Vila Franca de Xira;1114;358;
2009;Alcácer do Sal;1501;28;
2009;Grândola;1505;17;
2009;Odemira;211;27;
2009;Santiago do Cacém;1509;36;
2009;Sines;1513;17;
2009;Aljustrel;201;17;
2009;Almodôvar;202;0;
2009;Alvito;203;0;
2009;Barrancos;204;0;
2009;Beja;205;94;
2009;Castro Verde;206;8;
2009;Cuba;207;4;
2009;Ferreira do Alentejo;208;8;
2009;Mértola;209;0;
2009;Moura;210;27;
2009;Ourique;212;4;
2009;Serpa;213;7;
2009;Vidigueira;214;12;
2009;Almeirim;1403;34;
2009;Alpiarça;1404;6;
2009;Azambuja;1103;46;
2009;Benavente;1405;43;
2009;Cartaxo;1406;41;
2009;Chamusca;1407;16;
2009;Coruche;1409;30;
2009;Golegã;1412;7;
2009;Rio Maior;1414;41;
2009;Salvaterra de Magos;1415;60;
2009;Santarém;1416;71;
2009;Alter do Chão;1201;11;
2009;Arronches;1202;4;
2009;Avis;1203;0;
2009;Campo Maior;1204;26;
2009;Castelo de Vide;1205;0;
2009;Crato;1206;16;
2009;Elvas;1207;58;
2009;Fronteira;1208;8;
2009;Gavião;1209;9;
2009;Marvão;1210;0;
2009;Monforte;1211;0;
2009;Nisa;1212;9;
2009;Ponte de Sor;1213;24;
2009;Portalegre;1214;60;
2009;Sousel;1215;7;
2009;Alandroal;701;4;
2009;Arraiolos;702;14;
2009;Borba;703;15;
2009;Estremoz;704;17;
2009;Évora;705;167;
2009;Montemor-o-Novo;706;34;
2009;Mora;707;0;
2009;Mourão;708;3;
2009;Portel;709;4;
2009;Redondo;710;27;
2009;Reguengos de Monsaraz;711;16;
2009;Vendas Novas;712;17;
2009;Viana do Alentejo;713;17;
2009;Vila Viçosa;714;6;
2009;Albufeira;801;106;
2009;Alcoutim;802;3;
2009;Aljezur;803;5;
2009;Castro Marim;804;15;
2009;Faro;805;102;
2009;Lagoa;806;62;
2009;Lagos;807;72;
2009;Loulé;808;127;
2009;Monchique;809;3;
2009;Olhão;810;128;
2009;Portimão;811;170;
2009;São Brás de Alportel;812;13;
2009;Silves;813;91;
2009;Tavira;814;33;
2009;Vila do Bispo;815;6;
2009;Vila Real de Santo António;816;49;
2009;Vila do Porto;4101;16;
2009;Lagoa [R.A.A.];4201;177;
2009;Nordeste;4202;35;
2009;Ponta Delgada;4203;391;
2009;Povoação;4204;36;
2009;Ribeira Grande;4205;181;
2009;Vila Franca do Campo;4206;54;
2009;Angra do Heroísmo;4301;81;
2009;Vila da Praia da Vitória;4302;34;
2009;Santa Cruz da Graciosa;4401;3;
2009;Calheta [R.A.A.];4501;9;
2009;Velas;4502;3;
2009;Lajes do Pico;4601;8;
2009;Madalena;4602;9;
2009;São Roque do Pico;4603;14;
2009;Horta;4701;43;
2009;Lajes das Flores;4801;9;
2009;Santa Cruz das Flores;4802;6;
2009;Corvo;4901;0;
2009;Calheta [R.A.M.];3101;14;
2009;Câmara de Lobos;3102;68;
2009;Funchal;3103;143;
2009;Machico;3104;50;
2009;Ponta do Sol;3105;12;
2009;Porto Moniz;3106;7;
2009;Ribeira Brava;3107;29;
2009;Santa Cruz;3108;28;
2009;Santana;3109;12;
2009;São Vicente;3110;8;
2009;Porto Santo;3201;8;
2010;Arcos de Valdevez;1601;55;
2010;Caminha;1602;14;
2010;Melgaço;1603;23;
2010;Monção;1604;18;
2010;Paredes de Coura;1605;26;
2010;Ponte da Barca;1606;26;
2010;Ponte de Lima;1607;59;
2010;Valença;1608;36;
2010;Viana do Castelo;1609;198;
2010;Vila Nova de Cerveira;1610;17;
2010;Amares;301;75;
2010;Barcelos;302;172;
2010;Braga;303;361;
2010;Esposende;306;66;
2010;Terras de Bouro;310;9;
2010;Vila Verde;313;126;
2010;Cabeceiras de Basto;304;28;
2010;Fafe;307;91;
2010;Guimarães;308;307;
2010;Mondim de Basto;1705;6;
2010;Póvoa de Lanhoso;309;34;
2010;Vieira do Minho;311;18;
2010;Vila Nova de Famalicão;312;197;
2010;Vizela;314;42;
2010;Arouca;104;24;
2010;Espinho;107;110;
2010;Gondomar;1304;522;
2010;Maia;1306;365;
2010;Matosinhos;1308;476;
2010;Oliveira de Azeméis;113;141;
2010;Paredes;1310;239;
2010;Porto;1312;1228;
2010;Póvoa de Varzim;1313;135;
2010;Santa Maria da Feira;109;327;
2010;Santo Tirso;1314;168;
2010;São João da Madeira;116;59;
2010;Trofa;1318;80;
2010;Vale de Cambra;119;37;
2010;Valongo;1315;241;
2010;Vila do Conde;1316;162;
2010;Vila Nova de Gaia;1317;969;
2010;Boticas;1702;5;
2010;Chaves;1703;81;
2010;Montalegre;1706;35;
2010;Ribeira de Pena;1709;10;
2010;Valpaços;1712;49;
2010;Vila Pouca de Aguiar;1713;32;
2010;Amarante;1301;149;
2010;Baião;1302;66;
2010;Castelo de Paiva;106;39;
2010;Celorico de Basto;305;37;
2010;Cinfães;1804;44;
2010;Felgueiras;1303;99;
2010;Lousada;1305;107;
2010;Marco de Canaveses;1307;135;
2010;Paços de Ferreira;1309;118;
2010;Penafiel;1311;133;
2010;Resende;1813;21;
2010;Alijó;1701;27;
2010;Armamar;1801;8;
2010;Carrazeda de Ansiães;403;9;
2010;Freixo de Espada à Cinta;404;12;
2010;Lamego;1805;54;
2010;Mesão Frio;1704;16;
2010;Moimenta da Beira;1807;15;
2010;Murça;1707;13;
2010;Penedono;1812;8;
2010;Peso da Régua;1708;50;
2010;Sabrosa;1710;14;
2010;Santa Marta de Penaguião;1711;9;
2010;São João da Pesqueira;1815;13;
2010;Sernancelhe;1818;11;
2010;Tabuaço;1819;9;
2010;Tarouca;1820;14;
2010;Torre de Moncorvo;409;22;
2010;Vila Nova de Foz Côa;914;19;
2010;Vila Real;1714;103;
2010;Alfândega da Fé;401;9;
2010;Bragança;402;51;
2010;Macedo de Cavaleiros;405;41;
2010;Miranda do Douro;406;13;
2010;Mirandela;407;105;
2010;Mogadouro;408;20;
2010;Vila Flor;410;23;
2010;Vimioso;411;11;
2010;Vinhais;412;8;
2010;Alcobaça;1001;120;
2010;Alenquer;1101;110;
2010;Arruda dos Vinhos;1102;17;
2010;Bombarral;1005;45;
2010;Cadaval;1104;28;
2010;Caldas da Rainha;1006;75;
2010;Lourinhã;1108;60;
2010;Nazaré;1011;41;
2010;Óbidos;1012;4;
2010;Peniche;1014;55;
2010;Sobral de Monte Agraço;1112;18;
2010;Torres Vedras;1113;142;
2010;Águeda;101;82;
2010;Albergaria-a-Velha;102;33;
2010;Anadia;103;44;
2010;Aveiro;105;216;
2010;Estarreja;108;100;
2010;Ílhavo;110;83;
2010;Murtosa;112;20;
2010;Oliveira do Bairro;114;38;
2010;Ovar;115;129;
2010;Sever do Vouga;117;23;
2010;Vagos;118;54;
2010;Arganil;601;27;
2010;Cantanhede;602;82;
2010;Coimbra;603;346;
2010;Condeixa-a-Nova;604;43;
2010;Figueira da Foz;605;138;
2010;Góis;606;11;
2010;Lousã;607;51;
2010;Mealhada;111;22;
2010;Mira;608;11;
2010;Miranda do Corvo;609;33;
2010;Montemor-o-Velho;610;85;
2010;Mortágua;1808;9;
2010;Oliveira do Hospital;611;30;
2010;Pampilhosa da Serra;612;7;
2010;Penacova;613;22;
2010;Penela;614;6;
2010;Soure;615;12;
2010;Tábua;616;26;
2010;Vila Nova de Poiares;617;22;
2010;Alvaiázere;1002;20;
2010;Ansião;1003;25;
2010;Batalha;1004;47;
2010;Castanheira de Pêra;1007;5;
2010;Figueiró dos Vinhos;1008;18;
2010;Leiria;1009;227;
2010;Marinha Grande;1010;167;
2010;Pedrógão Grande;1013;3;
2010;Pombal;1015;104;
2010;Porto de Mós;1016;68;
2010;Aguiar da Beira;901;4;
2010;Carregal do Sal;1802;15;
2010;Castro Daire;1803;8;
2010;Mangualde;1806;21;
2010;Nelas;1809;15;
2010;Oliveira de Frades;1810;4;
2010;Penalva do Castelo;1811;7;
2010;Santa Comba Dão;1814;19;
2010;São Pedro do Sul;1816;35;
2010;Sátão;1817;20;
2010;Tondela;1821;47;
2010;Vila Nova de Paiva;1822;10;
2010;Viseu;1823;237;
2010;Vouzela;1824;18;
2010;Castelo Branco;502;87;
2010;Idanha-a-Nova;505;18;
2010;Oleiros;506;9;
2010;Penamacor;507;7;
2010;Proença-a-Nova;508;6;
2010;Vila Velha de Ródão;511;3;
2010;Abrantes;1401;72;
2010;Alcanena;1402;12;
2010;Constância;1408;7;
2010;Entroncamento;1410;25;
2010;Ferreira do Zêzere;1411;26;
2010;Mação;1413;6;
2010;Ourém;1421;98;
2010;Sardoal;1417;5;
2010;Sertã;509;19;
2010;Tomar;1418;89;
2010;Torres Novas;1419;51;
2010;Vila de Rei;510;6;
2010;Vila Nova da Barquinha;1420;9;
2010;Almeida;902;10;
2010;Belmonte;501;22;
2010;Celorico da Beira;903;8;
2010;Covilhã;503;132;
2010;Figueira de Castelo Rodrigo;904;8;
2010;Fornos de Algodres;905;3;
2010;Fundão;504;51;
2010;Gouveia;906;17;
2010;Guarda;907;77;
2010;Manteigas;908;5;
2010;Mêda;909;10;
2010;Pinhel;910;5;
2010;Sabugal;911;7;
2010;Seia;912;56;
2010;Trancoso;913;14;
2010;Alcochete;1502;38;
2010;Almada;1503;426;
2010;Amadora;1115;421;
2010;Barreiro;1504;216;
2010;Cascais;1105;522;
2010;Lisboa;1106;1371;
2010;Loures;1107;578;
2010;Mafra;1109;115;
2010;Moita;1506;204;
2010;Montijo;1507;136;
2010;Odivelas;1116;372;
2010;Oeiras;1110;395;
2010;Palmela;1508;133;
2010;Seixal;1510;384;
2010;Sesimbra;1511;91;
2010;Setúbal;1512;297;
2010;Sintra;1111;1228;
2010;Vila Franca de Xira;1114;191;
2010;Alcácer do Sal;1501;24;
2010;Grândola;1505;23;
2010;Odemira;211;26;
2010;Santiago do Cacém;1509;44;
2010;Sines;1513;17;
2010;Aljustrel;201;13;
2010;Almodôvar;202;9;
2010;Alvito;203;0;
2010;Barrancos;204;3;
2010;Beja;205;60;
2010;Castro Verde;206;11;
2010;Cuba;207;6;
2010;Ferreira do Alentejo;208;16;
2010;Mértola;209;0;
2010;Moura;210;37;
2010;Ourique;212;9;
2010;Serpa;213;22;
2010;Vidigueira;214;18;
2010;Almeirim;1403;34;
2010;Alpiarça;1404;9;
2010;Azambuja;1103;44;
2010;Benavente;1405;74;
2010;Cartaxo;1406;35;
2010;Chamusca;1407;17;
2010;Coruche;1409;26;
2010;Golegã;1412;9;
2010;Rio Maior;1414;33;
2010;Salvaterra de Magos;1415;62;
2010;Santarém;1416;133;
2010;Alter do Chão;1201;8;
2010;Arronches;1202;4;
2010;Avis;1203;7;
2010;Campo Maior;1204;22;
2010;Castelo de Vide;1205;3;
2010;Crato;1206;12;
2010;Elvas;1207;63;
2010;Fronteira;1208;7;
2010;Gavião;1209;7;
2010;Marvão;1210;0;
2010;Monforte;1211;0;
2010;Nisa;1212;7;
2010;Ponte de Sor;1213;39;
2010;Portalegre;1214;45;
2010;Sousel;1215;4;
2010;Alandroal;701;8;
2010;Arraiolos;702;16;
2010;Borba;703;13;
2010;Estremoz;704;13;
2010;Évora;705;144;
2010;Montemor-o-Novo;706;32;
2010;Mora;707;10;
2010;Mourão;708;7;
2010;Portel;709;4;
2010;Redondo;710;23;
2010;Reguengos de Monsaraz;711;20;
2010;Vendas Novas;712;32;
2010;Viana do Alentejo;713;14;
2010;Vila Viçosa;714;11;
2010;Albufeira;801;143;
2010;Alcoutim;802;6;
2010;Aljezur;803;3;
2010;Castro Marim;804;9;
2010;Faro;805;196;
2010;Lagoa;806;75;
2010;Lagos;807;78;
2010;Loulé;808;149;
2010;Monchique;809;7;
2010;Olhão;810;138;
2010;Portimão;811;168;
2010;São Brás de Alportel;812;13;
2010;Silves;813;100;
2010;Tavira;814;53;
2010;Vila do Bispo;815;11;
2010;Vila Real de Santo António;816;53;
2010;Vila do Porto;4101;8;
2010;Lagoa [R.A.A.];4201;113;
2010;Nordeste;4202;7;
2010;Ponta Delgada;4203;355;
2010;Povoação;4204;25;
2010;Ribeira Grande;4205;104;
2010;Vila Franca do Campo;4206;47;
2010;Angra do Heroísmo;4301;102;
2010;Vila da Praia da Vitória;4302;69;
2010;Santa Cruz da Graciosa;4401;10;
2010;Calheta [R.A.A.];4501;8;
2010;Velas;4502;0;
2010;Lajes do Pico;4601;8;
2010;Madalena;4602;20;
2010;São Roque do Pico;4603;17;
2010;Horta;4701;67;
2010;Lajes das Flores;4801;4;
2010;Santa Cruz das Flores;4802;5;
2010;Corvo;4901;0;
2010;Calheta [R.A.M.];3101;13;
2010;Câmara de Lobos;3102;71;
2010;Funchal;3103;329;
2010;Machico;3104;47;
2010;Ponta do Sol;3105;15;
2010;Porto Moniz;3106;12;
2010;Ribeira Brava;3107;38;
2010;Santa Cruz;3108;57;
2010;Santana;3109;30;
2010;São Vicente;3110;10;
2010;Porto Santo;3201;15;
2011;Arcos de Valdevez;1601;44;
2011;Caminha;1602;11;
2011;Melgaço;1603;5;
2011;Monção;1604;26;
2011;Paredes de Coura;1605;17;
2011;Ponte da Barca;1606;22;
2011;Ponte de Lima;1607;66;
2011;Valença;1608;35;
2011;Viana do Castelo;1609;195;
2011;Vila Nova de Cerveira;1610;9;
2011;Amares;301;73;
2011;Barcelos;302;199;
2011;Braga;303;305;
2011;Esposende;306;41;
2011;Terras de Bouro;310;23;
2011;Vila Verde;313;93;
2011;Cabeceiras de Basto;304;24;
2011;Fafe;307;74;
2011;Guimarães;308;278;
2011;Mondim de Basto;1705;16;
2011;Póvoa de Lanhoso;309;25;
2011;Vieira do Minho;311;17;
2011;Vila Nova de Famalicão;312;198;
2011;Vizela;314;45;
2011;Arouca;104;18;
2011;Espinho;107;88;
2011;Gondomar;1304;455;
2011;Maia;1306;324;
2011;Matosinhos;1308;540;
2011;Oliveira de Azeméis;113;127;
2011;Paredes;1310;175;
2011;Porto;1312;1277;
2011;Póvoa de Varzim;1313;130;
2011;Santa Maria da Feira;109;279;
2011;Santo Tirso;1314;129;
2011;São João da Madeira;116;81;
2011;Trofa;1318;80;
2011;Vale de Cambra;119;38;
2011;Valongo;1315;189;
2011;Vila do Conde;1316;150;
2011;Vila Nova de Gaia;1317;932;
2011;Boticas;1702;6;
2011;Chaves;1703;83;
2011;Montalegre;1706;18;
2011;Ribeira de Pena;1709;9;
2011;Valpaços;1712;33;
2011;Vila Pouca de Aguiar;1713;30;
2011;Amarante;1301;123;
2011;Baião;1302;60;
2011;Castelo de Paiva;106;33;
2011;Celorico de Basto;305;17;
2011;Cinfães;1804;37;
2011;Felgueiras;1303;96;
2011;Lousada;1305;82;
2011;Marco de Canaveses;1307;111;
2011;Paços de Ferreira;1309;100;
2011;Penafiel;1311;125;
2011;Resende;1813;34;
2011;Alijó;1701;18;
2011;Armamar;1801;3;
2011;Carrazeda de Ansiães;403;13;
2011;Freixo de Espada à Cinta;404;14;
2011;Lamego;1805;36;
2011;Mesão Frio;1704;33;
2011;Moimenta da Beira;1807;16;
2011;Murça;1707;16;
2011;Penedono;1812;6;
2011;Peso da Régua;1708;34;
2011;Sabrosa;1710;22;
2011;Santa Marta de Penaguião;1711;11;
2011;São João da Pesqueira;1815;10;
2011;Sernancelhe;1818;19;
2011;Tabuaço;1819;9;
2011;Tarouca;1820;11;
2011;Torre de Moncorvo;409;31;
2011;Vila Nova de Foz Côa;914;15;
2011;Vila Real;1714;94;
2011;Alfândega da Fé;401;9;
2011;Bragança;402;74;
2011;Macedo de Cavaleiros;405;25;
2011;Miranda do Douro;406;17;
2011;Mirandela;407;73;
2011;Mogadouro;408;18;
2011;Vila Flor;410;17;
2011;Vimioso;411;6;
2011;Vinhais;412;12;
2011;Alcobaça;1001;112;
2011;Alenquer;1101;94;
2011;Arruda dos Vinhos;1102;10;
2011;Bombarral;1005;29;
2011;Cadaval;1104;34;
2011;Caldas da Rainha;1006;41;
2011;Lourinhã;1108;52;
2011;Nazaré;1011;27;
2011;Óbidos;1012;11;
2011;Peniche;1014;29;
2011;Sobral de Monte Agraço;1112;16;
2011;Torres Vedras;1113;125;
2011;Águeda;101;70;
2011;Albergaria-a-Velha;102;47;
2011;Anadia;103;27;
2011;Aveiro;105;193;
2011;Estarreja;108;92;
2011;Ílhavo;110;69;
2011;Murtosa;112;34;
2011;Oliveira do Bairro;114;28;
2011;Ovar;115;162;
2011;Sever do Vouga;117;14;
2011;Vagos;118;38;
2011;Arganil;601;20;
2011;Cantanhede;602;87;
2011;Coimbra;603;372;
2011;Condeixa-a-Nova;604;36;
2011;Figueira da Foz;605;144;
2011;Góis;606;8;
2011;Lousã;607;52;
2011;Mealhada;111;28;
2011;Mira;608;13;
2011;Miranda do Corvo;609;20;
2011;Montemor-o-Velho;610;66;
2011;Mortágua;1808;12;
2011;Oliveira do Hospital;611;34;
2011;Pampilhosa da Serra;612;3;
2011;Penacova;613;17;
2011;Penela;614;9;
2011;Soure;615;14;
2011;Tábua;616;42;
2011;Vila Nova de Poiares;617;12;
2011;Alvaiázere;1002;15;
2011;Ansião;1003;16;
2011;Batalha;1004;27;
2011;Castanheira de Pêra;1007;9;
2011;Figueiró dos Vinhos;1008;8;
2011;Leiria;1009;251;
2011;Marinha Grande;1010;115;
2011;Pedrógão Grande;1013;7;
2011;Pombal;1015;112;
2011;Porto de Mós;1016;56;
2011;Aguiar da Beira;901;4;
2011;Carregal do Sal;1802;24;
2011;Castro Daire;1803;6;
2011;Mangualde;1806;16;
2011;Nelas;1809;16;
2011;Oliveira de Frades;1810;10;
2011;Penalva do Castelo;1811;15;
2011;Santa Comba Dão;1814;23;
2011;São Pedro do Sul;1816;24;
2011;Sátão;1817;13;
2011;Tondela;1821;39;
2011;Vila Nova de Paiva;1822;6;
2011;Viseu;1823;274;
2011;Vouzela;1824;22;
2011;Castelo Branco;502;95;
2011;Idanha-a-Nova;505;15;
2011;Oleiros;506;21;
2011;Penamacor;507;10;
2011;Proença-a-Nova;508;9;
2011;Vila Velha de Ródão;511;3;
2011;Abrantes;1401;66;
2011;Alcanena;1402;10;
2011;Constância;1408;4;
2011;Entroncamento;1410;42;
2011;Ferreira do Zêzere;1411;15;
2011;Mação;1413;6;
2011;Ourém;1421;110;
2011;Sardoal;1417;3;
2011;Sertã;509;17;
2011;Tomar;1418;82;
2011;Torres Novas;1419;53;
2011;Vila de Rei;510;0;
2011;Vila Nova da Barquinha;1420;5;
2011;Almeida;902;9;
2011;Belmonte;501;21;
2011;Celorico da Beira;903;16;
2011;Covilhã;503;101;
2011;Figueira de Castelo Rodrigo;904;11;
2011;Fornos de Algodres;905;5;
2011;Fundão;504;38;
2011;Gouveia;906;19;
2011;Guarda;907;67;
2011;Manteigas;908;15;
2011;Mêda;909;8;
2011;Pinhel;910;5;
2011;Sabugal;911;9;
2011;Seia;912;62;
2011;Trancoso;913;13;
2011;Alcochete;1502;53;
2011;Almada;1503;353;
2011;Amadora;1115;314;
2011;Barreiro;1504;262;
2011;Cascais;1105;565;
2011;Lisboa;1106;1388;
2011;Loures;1107;589;
2011;Mafra;1109;102;
2011;Moita;1506;149;
2011;Montijo;1507;108;
2011;Odivelas;1116;321;
2011;Oeiras;1110;373;
2011;Palmela;1508;90;
2011;Seixal;1510;382;
2011;Sesimbra;1511;112;
2011;Setúbal;1512;313;
2011;Sintra;1111;910;
2011;Vila Franca de Xira;1114;282;
2011;Alcácer do Sal;1501;17;
2011;Grândola;1505;29;
2011;Odemira;211;35;
2011;Santiago do Cacém;1509;32;
2011;Sines;1513;19;
2011;Aljustrel;201;8;
2011;Almodôvar;202;3;
2011;Alvito;203;4;
2011;Barrancos;204;6;
2011;Beja;205;49;
2011;Castro Verde;206;8;
2011;Cuba;207;5;
2011;Ferreira do Alentejo;208;27;
2011;Mértola;209;5;
2011;Moura;210;23;
2011;Ourique;212;0;
2011;Serpa;213;15;
2011;Vidigueira;214;12;
2011;Almeirim;1403;33;
2011;Alpiarça;1404;9;
2011;Azambuja;1103;57;
2011;Benavente;1405;77;
2011;Cartaxo;1406;44;
2011;Chamusca;1407;19;
2011;Coruche;1409;25;
2011;Golegã;1412;5;
2011;Rio Maior;1414;27;
2011;Salvaterra de Magos;1415;39;
2011;Santarém;1416;129;
2011;Alter do Chão;1201;7;
2011;Arronches;1202;3;
2011;Avis;1203;4;
2011;Campo Maior;1204;15;
2011;Castelo de Vide;1205;0;
2011;Crato;1206;8;
2011;Elvas;1207;60;
2011;Fronteira;1208;6;
2011;Gavião;1209;5;
2011;Marvão;1210;4;
2011;Monforte;1211;0;
2011;Nisa;1212;6;
2011;Ponte de Sor;1213;36;
2011;Portalegre;1214;49;
2011;Sousel;1215;0;
2011;Alandroal;701;11;
2011;Arraiolos;702;7;
2011;Borba;703;12;
2011;Estremoz;704;27;
2011;Évora;705;166;
2011;Montemor-o-Novo;706;24;
2011;Mora;707;13;
2011;Mourão;708;4;
2011;Portel;709;5;
2011;Redondo;710;15;
2011;Reguengos de Monsaraz;711;20;
2011;Vendas Novas;712;49;
2011;Viana do Alentejo;713;17;
2011;Vila Viçosa;714;3;
2011;Albufeira;801;143;
2011;Alcoutim;802;3;
2011;Aljezur;803;4;
2011;Castro Marim;804;10;
2011;Faro;805;166;
2011;Lagoa;806;44;
2011;Lagos;807;68;
2011;Loulé;808;136;
2011;Monchique;809;5;
2011;Olhão;810;156;
2011;Portimão;811;168;
2011;São Brás de Alportel;812;19;
2011;Silves;813;58;
2011;Tavira;814;41;
2011;Vila do Bispo;815;8;
2011;Vila Real de Santo António;816;57;
2011;Vila do Porto;4101;20;
2011;Lagoa [R.A.A.];4201;87;
2011;Nordeste;4202;22;
2011;Ponta Delgada;4203;370;
2011;Povoação;4204;19;
2011;Ribeira Grande;4205;146;
2011;Vila Franca do Campo;4206;55;
2011;Angra do Heroísmo;4301;96;
2011;Vila da Praia da Vitória;4302;69;
2011;Santa Cruz da Graciosa;4401;7;
2011;Calheta [R.A.A.];4501;8;
2011;Velas;4502;7;
2011;Lajes do Pico;4601;7;
2011;Madalena;4602;15;
2011;São Roque do Pico;4603;8;
2011;Horta;4701;51;
2011;Lajes das Flores;4801;0;
2011;Santa Cruz das Flores;4802;12;
2011;Corvo;4901;0;
2011;Calheta [R.A.M.];3101;22;
2011;Câmara de Lobos;3102;88;
2011;Funchal;3103;345;
2011;Machico;3104;78;
2011;Ponta do Sol;3105;20;
2011;Porto Moniz;3106;13;
2011;Ribeira Brava;3107;37;
2011;Santa Cruz;3108;66;
2011;Santana;3109;24;
2011;São Vicente;3110;12;
2011;Porto Santo;3201;11;
2012;Arcos de Valdevez;;36;
2012;Caminha;;22;
2012;Melgaço;;5;
2012;Monção;;17;
2012;Paredes de Coura;;14;
2012;Ponte da Barca;;21;
2012;Ponte de Lima;;37;
2012;Valença;;47;
2012;Viana do Castelo;;175;
2012;Vila Nova de Cerveira;;19;
2012;Amares;;60;
2012;Barcelos;;150;
2012;Braga;;362;
2012;Esposende;;70;
2012;Terras de Bouro;;11;
2012;Vila Verde;;111;
2012;Cabeceiras de Basto;;28;
2012;Fafe;;82;
2012;Guimarães;;204;
2012;Mondim de Basto;;19;
2012;Póvoa de Lanhoso;;42;
2012;Vieira do Minho;;26;
2012;Vila Nova de Famalicão;;222;
2012;Vizela;;44;
2012;Arouca;;16;
2012;Espinho;;64;
2012;Gondomar;;409;
2012;Maia;;319;
2012;Matosinhos;;443;
2012;Oliveira de Azeméis;;144;
2012;Paredes;;181;
2012;Porto;;1006;
2012;Póvoa de Varzim;;145;
2012;Santa Maria da Feira;;284;
2012;Santo Tirso;;123;
2012;São João da Madeira;;56;
2012;Trofa;;65;
2012;Vale de Cambra;;24;
2012;Valongo;;240;
2012;Vila do Conde;;143;
2012;Vila Nova de Gaia;;836;
2012;Boticas;;3;
2012;Chaves;;75;
2012;Montalegre;;23;
2012;Ribeira de Pena;;9;
2012;Valpaços;;30;
2012;Vila Pouca de Aguiar;;20;
2012;Amarante;;100;
2012;Baião;;47;
2012;Castelo de Paiva;;35;
2012;Celorico de Basto;;21;
2012;Cinfães;;52;
2012;Felgueiras;;88;
2012;Lousada;;82;
2012;Marco de Canaveses;;111;
2012;Paços de Ferreira;;75;
2012;Penafiel;;119;
2012;Resende;;28;
2012;Alijó;;28;
2012;Armamar;;4;
2012;Carrazeda de Ansiães;;12;
2012;Freixo de Espada à Cinta;;9;
2012;Lamego;;43;
2012;Mesão Frio;;29;
2012;Moimenta da Beira;;20;
2012;Murça;;4;
2012;Penedono;;9;
2012;Peso da Régua;;41;
2012;Sabrosa;;19;
2012;Santa Marta de Penaguião;;12;
2012;São João da Pesqueira;;18;
2012;Sernancelhe;;10;
2012;Tabuaço;;14;
2012;Tarouca;;9;
2012;Torre de Moncorvo;;14;
2012;Vila Nova de Foz Côa;;6;
2012;Vila Real;;83;
2012;Alfândega da Fé;;16;
2012;Bragança;;59;
2012;Macedo de Cavaleiros;;26;
2012;Miranda do Douro;;12;
2012;Mirandela;;76;
2012;Mogadouro;;15;
2012;Vila Flor;;24;
2012;Vimioso;;9;
2012;Vinhais;;9;
2012;Alcobaça;;85;
2012;Alenquer;;69;
2012;Arruda dos Vinhos;;13;
2012;Bombarral;;46;
2012;Cadaval;;28;
2012;Caldas da Rainha;;38;
2012;Lourinhã;;52;
2012;Nazaré;;36;
2012;Óbidos;;5;
2012;Peniche;;32;
2012;Sobral de Monte Agraço;;13;
2012;Torres Vedras;;110;
2012;Águeda;;90;
2012;Albergaria-a-Velha;;35;
2012;Anadia;;27;
2012;Aveiro;;93;
2012;Estarreja;;90;
2012;Ílhavo;;49;
2012;Murtosa;;25;
2012;Oliveira do Bairro;;36;
2012;Ovar;;129;
2012;Sever do Vouga;;19;
2012;Vagos;;30;
2012;Arganil;;15;
2012;Cantanhede;;91;
2012;Coimbra;;365;
2012;Condeixa-a-Nova;;33;
2012;Figueira da Foz;;139;
2012;Góis;;5;
2012;Lousã;;47;
2012;Mealhada;;21;
2012;Mira;;18;
2012;Miranda do Corvo;;25;
2012;Montemor-o-Velho;;54;
2012;Mortágua;;14;
2012;Oliveira do Hospital;;18;
2012;Pampilhosa da Serra;;5;
2012;Penacova;;17;
2012;Penela;;7;
2012;Soure;;27;
2012;Tábua;;28;
2012;Vila Nova de Poiares;;9;
2012;Alvaiázere;;13;
2012;Ansião;;29;
2012;Batalha;;24;
2012;Castanheira de Pêra;;4;
2012;Figueiró dos Vinhos;;15;
2012;Leiria;;233;
2012;Marinha Grande;;96;
2012;Pedrógão Grande;;8;
2012;Pombal;;84;
2012;Porto de Mós;;40;
2012;Aguiar da Beira;;3;
2012;Carregal do Sal;;35;
2012;Castro Daire;;12;
2012;Mangualde;;33;
2012;Nelas;;14;
2012;Oliveira de Frades;;5;
2012;Penalva do Castelo;;12;
2012;Santa Comba Dão;;24;
2012;São Pedro do Sul;;15;
2012;Sátão;;15;
2012;Tondela;;50;
2012;Vila Nova de Paiva;;11;
2012;Viseu;;254;
2012;Vouzela;;17;
2012;Castelo Branco;;92;
2012;Idanha-a-Nova;;15;
2012;Oleiros;;15;
2012;Penamacor;;17;
2012;Proença-a-Nova;;3;
2012;Vila Velha de Ródão;;3;
2012;Abrantes;;70;
2012;Alcanena;;18;
2012;Constância;;6;
2012;Entroncamento;;42;
2012;Ferreira do Zêzere;;8;
2012;Mação;;7;
2012;Ourém;;70;
2012;Sardoal;;0;
2012;Sertã;;14;
2012;Tomar;;92;
2012;Torres Novas;;79;
2012;Vila de Rei;;6;
2012;Vila Nova da Barquinha;;7;
2012;Almeida;;7;
2012;Belmonte;;18;
2012;Celorico da Beira;;14;
2012;Covilhã;;91;
2012;Figueira de Castelo Rodrigo;;11;
2012;Fornos de Algodres;;3;
2012;Fundão;;32;
2012;Gouveia;;18;
2012;Guarda;;84;
2012;Manteigas;;9;
2012;Mêda;;4;
2012;Pinhel;;0;
2012;Sabugal;;8;
2012;Seia;;50;
2012;Trancoso;;11;
2012;Alcochete;;55;
2012;Almada;;356;
2012;Amadora;;306;
2012;Barreiro;;225;
2012;Cascais;;537;
2012;Lisboa;;1224;
2012;Loures;;647;
2012;Mafra;;57;
2012;Moita;;195;
2012;Montijo;;107;
2012;Odivelas;;344;
2012;Oeiras;;434;
2012;Palmela;;97;
2012;Seixal;;322;
2012;Sesimbra;;152;
2012;Setúbal;;298;
2012;Sintra;;474;
2012;Vila Franca de Xira;;305;
2012;Alcácer do Sal;;16;
2012;Grândola;;13;
2012;Odemira;;30;
2012;Santiago do Cacém;;34;
2012;Sines;;42;
2012;Aljustrel;;19;
2012;Almodôvar;;3;
2012;Alvito;;5;
2012;Barrancos;;3;
2012;Beja;;70;
2012;Castro Verde;;11;
2012;Cuba;;11;
2012;Ferreira do Alentejo;;28;
2012;Mértola;;10;
2012;Moura;;25;
2012;Ourique;;6;
2012;Serpa;;9;
2012;Vidigueira;;11;
2012;Almeirim;;19;
2012;Alpiarça;;13;
2012;Azambuja;;35;
2012;Benavente;;63;
2012;Cartaxo;;59;
2012;Chamusca;;30;
2012;Coruche;;41;
2012;Golegã;;7;
2012;Rio Maior;;26;
2012;Salvaterra de Magos;;29;
2012;Santarém;;137;
2012;Alter do Chão;;10;
2012;Arronches;;0;
2012;Avis;;4;
2012;Campo Maior;;25;
2012;Castelo de Vide;;0;
2012;Crato;;4;
2012;Elvas;;60;
2012;Fronteira;;4;
2012;Gavião;;3;
2012;Marvão;;6;
2012;Monforte;;4;
2012;Nisa;;7;
2012;Ponte de Sor;;33;
2012;Portalegre;;29;
2012;Sousel;;4;
2012;Alandroal;;5;
2012;Arraiolos;;8;
2012;Borba;;8;
2012;Estremoz;;13;
2012;Évora;;143;
2012;Montemor-o-Novo;;29;
2012;Mora;;10;
2012;Mourão;;4;
2012;Portel;;10;
2012;Redondo;;18;
2012;Reguengos de Monsaraz;;24;
2012;Vendas Novas;;72;
2012;Viana do Alentejo;;26;
2012;Vila Viçosa;;8;
2012;Albufeira;;149;
2012;Alcoutim;;6;
2012;Aljezur;;13;
2012;Castro Marim;;9;
2012;Faro;;171;
2012;Lagoa;;33;
2012;Lagos;;50;
2012;Loulé;;161;
2012;Monchique;;3;
2012;Olhão;;141;
2012;Portimão;;135;
2012;São Brás de Alportel;;12;
2012;Silves;;77;
2012;Tavira;;40;
2012;Vila do Bispo;;12;
2012;Vila Real de Santo António;;67;
2012;Vila do Porto;;18;
2012;Lagoa [R.A.A.];;66;
2012;Nordeste;;15;
2012;Ponta Delgada;;309;
2012;Povoação;;30;
2012;Ribeira Grande;;152;
2012;Vila Franca do Campo;;33;
2012;Ilha Terceira;;190;
2012;Angra do Heroísmo;;118;
2012;Vila da Praia da Vitória;;72;
2012;Santa Cruz da Graciosa;;9;
2012;Calheta [R.A.A.];;6;
2012;Velas;;10;
2012;Lajes do Pico;;4;
2012;Madalena;;12;
2012;São Roque do Pico;;16;
2012;Horta;;36;
2012;Lajes das Flores;;3;
2012;Santa Cruz das Flores;;6;
2012;Corvo;;0;
2012;Calheta [R.A.M.];;12;
2012;Câmara de Lobos;;123;
2012;Funchal;;379;
2012;Machico;;64;
2012;Ponta do Sol;;11;
2012;Porto Moniz;;13;
2012;Ribeira Brava;;47;
2012;Santa Cruz;;75;
2012;Santana;;16;
2012;São Vicente;;18;
2012;Porto Santo;;9;
2013;Arcos de Valdevez;1601;43;
2013;Caminha;1602;9;
2013;Melgaço;1603;9;
2013;Monção;1604;20;
2013;Paredes de Coura;1605;15;
2013;Ponte da Barca;1606;16;
2013;Ponte de Lima;1607;83;
2013;Valença;1608;21;
2013;Viana do Castelo;1609;180;
2013;Vila Nova de Cerveira;1610;16;
2013;Amares;301;51;
2013;Barcelos;302;198;
2013;Braga;303;370;
2013;Esposende;306;41;
2013;Terras de Bouro;310;7;
2013;Vila Verde;313;117;
2013;Cabeceiras de Basto;304;16;
2013;Fafe;307;87;
2013;Guimarães;308;254;
2013;Mondim de Basto;1705;24;
2013;Póvoa de Lanhoso;309;28;
2013;Vieira do Minho;311;23;
2013;Vila Nova de Famalicão;312;320;
2013;Vizela;314;47;
2013;Arouca;104;18;
2013;Espinho;107;53;
2013;Gondomar;1304;378;
2013;Maia;1306;245;
2013;Matosinhos;1308;420;
2013;Oliveira de Azeméis;113;152;
2013;Paredes;1310;203;
2013;Porto;1312;937;
2013;Póvoa de Varzim;1313;162;
2013;Santa Maria da Feira;109;241;
2013;Santo Tirso;1314;101;
2013;São João da Madeira;116;52;
2013;Trofa;1318;53;
2013;Vale de Cambra;119;38;
2013;Valongo;1315;220;
2013;Vila do Conde;1316;140;
2013;Vila Nova de Gaia;1317;935;
2013;Boticas;1702;0;
2013;Chaves;1703;90;
2013;Montalegre;1706;18;
2013;Ribeira de Pena;1709;12;
2013;Valpaços;1712;34;
2013;Vila Pouca de Aguiar;1713;26;
2013;Amarante;1301;121;
2013;Baião;1302;51;
2013;Castelo de Paiva;106;29;
2013;Celorico de Basto;305;28;
2013;Cinfães;1804;25;
2013;Felgueiras;1303;82;
2013;Lousada;1305;67;
2013;Marco de Canaveses;1307;86;
2013;Paços de Ferreira;1309;77;
2013;Penafiel;1311;142;
2013;Resende;1813;31;
2013;Alijó;1701;29;
2013;Armamar;1801;3;
2013;Carrazeda de Ansiães;403;15;
2013;Freixo de Espada à Cinta;404;5;
2013;Lamego;1805;61;
2013;Mesão Frio;1704;16;
2013;Moimenta da Beira;1807;15;
2013;Murça;1707;15;
2013;Penedono;1812;6;
2013;Peso da Régua;1708;45;
2013;Sabrosa;1710;16;
2013;Santa Marta de Penaguião;1711;5;
2013;São João da Pesqueira;1815;15;
2013;Sernancelhe;1818;7;
2013;Tabuaço;1819;5;
2013;Tarouca;1820;16;
2013;Torre de Moncorvo;409;21;
2013;Vila Nova de Foz Côa;914;17;
2013;Vila Real;1714;113;
2013;Alfândega da Fé;401;7;
2013;Bragança;402;90;
2013;Macedo de Cavaleiros;405;30;
2013;Miranda do Douro;406;25;
2013;Mirandela;407;49;
2013;Mogadouro;408;9;
2013;Vila Flor;410;12;
2013;Vimioso;411;13;
2013;Vinhais;412;5;
2013;Alcobaça;1001;87;
2013;Alenquer;1101;64;
2013;Arruda dos Vinhos;1102;18;
2013;Bombarral;1005;40;
2013;Cadaval;1104;16;
2013;Caldas da Rainha;1006;32;
2013;Lourinhã;1108;31;
2013;Nazaré;1011;29;
2013;Óbidos;1012;5;
2013;Peniche;1014;21;
2013;Sobral de Monte Agraço;1112;13;
2013;Torres Vedras;1113;123;
2013;Águeda;101;103;
2013;Albergaria-a-Velha;102;43;
2013;Anadia;103;43;
2013;Aveiro;105;106;
2013;Estarreja;108;70;
2013;Ílhavo;110;63;
2013;Murtosa;112;28;
2013;Oliveira do Bairro;114;54;
2013;Ovar;115;152;
2013;Sever do Vouga;117;34;
2013;Vagos;118;36;
2013;Arganil;601;25;
2013;Cantanhede;602;77;
2013;Coimbra;603;385;
2013;Condeixa-a-Nova;604;38;
2013;Figueira da Foz;605;152;
2013;Góis;606;3;
2013;Lousã;607;33;
2013;Mealhada;111;29;
2013;Mira;608;30;
2013;Miranda do Corvo;609;27;
2013;Montemor-o-Velho;610;57;
2013;Mortágua;1808;15;
2013;Oliveira do Hospital;611;50;
2013;Pampilhosa da Serra;612;6;
2013;Penacova;613;26;
2013;Penela;614;13;
2013;Soure;615;29;
2013;Tábua;616;32;
2013;Vila Nova de Poiares;617;19;
2013;Alvaiázere;1002;9;
2013;Ansião;1003;17;
2013;Batalha;1004;24;
2013;Castanheira de Pêra;1007;10;
2013;Figueiró dos Vinhos;1008;10;
2013;Leiria;1009;224;
2013;Marinha Grande;1010;109;
2013;Pedrógão Grande;1013;12;
2013;Pombal;1015;73;
2013;Porto de Mós;1016;28;
2013;Aguiar da Beira;901;5;
2013;Carregal do Sal;1802;24;
2013;Castro Daire;1803;12;
2013;Mangualde;1806;31;
2013;Nelas;1809;13;
2013;Oliveira de Frades;1810;20;
2013;Penalva do Castelo;1811;11;
2013;Santa Comba Dão;1814;23;
2013;São Pedro do Sul;1816;21;
2013;Sátão;1817;11;
2013;Tondela;1821;39;
2013;Vila Nova de Paiva;1822;6;
2013;Viseu;1823;248;
2013;Vouzela;1824;20;
2013;Castelo Branco;502;144;
2013;Idanha-a-Nova;505;14;
2013;Oleiros;506;6;
2013;Penamacor;507;14;
2013;Proença-a-Nova;508;0;
2013;Vila Velha de Ródão;511;4;
2013;Abrantes;1401;51;
2013;Alcanena;1402;24;
2013;Constância;1408;9;
2013;Entroncamento;1410;41;
2013;Ferreira do Zêzere;1411;18;
2013;Mação;1413;12;
2013;Ourém;1421;62;
2013;Sardoal;1417;3;
2013;Sertã;509;34;
2013;Tomar;1418;125;
2013;Torres Novas;1419;77;
2013;Vila de Rei;510;0;
2013;Vila Nova da Barquinha;1420;5;
2013;Almeida;902;13;
2013;Belmonte;501;17;
2013;Celorico da Beira;903;23;
2013;Covilhã;503;82;
2013;Figueira de Castelo Rodrigo;904;15;
2013;Fornos de Algodres;905;5;
2013;Fundão;504;40;
2013;Gouveia;906;23;
2013;Guarda;907;64;
2013;Manteigas;908;14;
2013;Mêda;909;3;
2013;Pinhel;910;8;
2013;Sabugal;911;7;
2013;Seia;912;51;
2013;Trancoso;913;22;
2013;Alcochete;1502;39;
2013;Almada;1503;416;
2013;Amadora;1115;275;
2013;Barreiro;1504;214;
2013;Cascais;1105;450;
2013;Lisboa;1106;1464;
2013;Loures;1107;654;
2013;Mafra;1109;94;
2013;Moita;1506;201;
2013;Montijo;1507;93;
2013;Odivelas;1116;332;
2013;Oeiras;1110;483;
2013;Palmela;1508;119;
2013;Seixal;1510;389;
2013;Sesimbra;1511;184;
2013;Setúbal;1512;260;
2013;Sintra;1111;487;
2013;Vila Franca de Xira;1114;322;
2013;Alcácer do Sal;1501;17;
2013;Grândola;1505;27;
2013;Odemira;211;39;
2013;Santiago do Cacém;1509;44;
2013;Sines;1513;38;
2013;Aljustrel;201;18;
2013;Almodôvar;202;6;
2013;Alvito;203;3;
2013;Barrancos;204;3;
2013;Beja;205;61;
2013;Castro Verde;206;15;
2013;Cuba;207;8;
2013;Ferreira do Alentejo;208;16;
2013;Mértola;209;7;
2013;Moura;210;33;
2013;Ourique;212;8;
2013;Serpa;213;21;
2013;Vidigueira;214;13;
2013;Almeirim;1403;19;
2013;Alpiarça;1404;13;
2013;Azambuja;1103;47;
2013;Benavente;1405;64;
2013;Cartaxo;1406;44;
2013;Chamusca;1407;25;
2013;Coruche;1409;26;
2013;Golegã;1412;5;
2013;Rio Maior;1414;40;
2013;Salvaterra de Magos;1415;40;
2013;Santarém;1416;135;
2013;Alter do Chão;1201;13;
2013;Arronches;1202;4;
2013;Avis;1203;11;
2013;Campo Maior;1204;17;
2013;Castelo de Vide;1205;4;
2013;Crato;1206;7;
2013;Elvas;1207;53;
2013;Fronteira;1208;6;
2013;Gavião;1209;8;
2013;Marvão;1210;4;
2013;Monforte;1211;5;
2013;Nisa;1212;14;
2013;Ponte de Sor;1213;31;
2013;Portalegre;1214;66;
2013;Sousel;1215;0;
2013;Alandroal;701;3;
2013;Arraiolos;702;8;
2013;Borba;703;11;
2013;Estremoz;704;31;
2013;Évora;705;135;
2013;Montemor-o-Novo;706;21;
2013;Mora;707;14;
2013;Mourão;708;9;
2013;Portel;709;11;
2013;Redondo;710;23;
2013;Reguengos de Monsaraz;711;18;
2013;Vendas Novas;712;26;
2013;Viana do Alentejo;713;9;
2013;Vila Viçosa;714;8;
2013;Albufeira;801;121;
2013;Alcoutim;802;0;
2013;Aljezur;803;8;
2013;Castro Marim;804;7;
2013;Faro;805;165;
2013;Lagoa;806;53;
2013;Lagos;807;58;
2013;Loulé;808;148;
2013;Monchique;809;0;
2013;Olhão;810;138;
2013;Portimão;811;125;
2013;São Brás de Alportel;812;12;
2013;Silves;813;72;
2013;Tavira;814;47;
2013;Vila do Bispo;815;10;
2013;Vila Real de Santo António;816;61;
2013;Vila do Porto;4101;17;
2013;Lagoa [R.A.A.];4201;48;
2013;Nordeste;4202;14;
2013;Ponta Delgada;4203;311;
2013;Povoação;4204;24;
2013;Ribeira Grande;4205;193;
2013;Vila Franca do Campo;4206;29;
2013;Angra do Heroísmo;4301;104;
2013;Vila da Praia da Vitória;4302;57;
2013;Santa Cruz da Graciosa;4401;14;
2013;Calheta [R.A.A.];4501;3;
2013;Velas;4502;12;
2013;Lajes do Pico;4601;9;
2013;Madalena;4602;13;
2013;São Roque do Pico;4603;15;
2013;Horta;4701;45;
2013;Lajes das Flores;4801;3;
2013;Santa Cruz das Flores;4802;10;
2013;Corvo;4901;0;
2013;Calheta [R.A.M.];3101;19;
2013;Câmara de Lobos;3102;134;
2013;Funchal;3103;386;
2013;Machico;3104;74;
2013;Ponta do Sol;3105;23;
2013;Porto Moniz;3106;5;
2013;Ribeira Brava;3107;54;
2013;Santa Cruz;3108;67;
2013;Santana;3109;24;
2013;São Vicente;3110;31;
2013;Porto Santo;3201;15;
2014;Arcos de Valdevez;1601;28;
2014;Caminha;1602;27;
2014;Melgaço;1603;10;
2014;Monção;1604;19;
2014;Paredes de Coura;1605;21;
2014;Ponte da Barca;1606;9;
2014;Ponte de Lima;1607;64;
2014;Valença;1608;35;
2014;Viana do Castelo;1609;206;
2014;Vila Nova de Cerveira;1610;21;
2014;Amares;301;37;
2014;Barcelos;302;185;
2014;Braga;303;323;
2014;Esposende;306;64;
2014;Terras de Bouro;310;8;
2014;Vila Verde;313;68;
2014;Cabeceiras de Basto;304;19;
2014;Fafe;307;97;
2014;Guimarães;308;252;
2014;Mondim de Basto;1705;11;
2014;Póvoa de Lanhoso;309;30;
2014;Vieira do Minho;311;15;
2014;Vila Nova de Famalicão;312;263;
2014;Vizela;314;39;
2014;Arouca;104;31;
2014;Espinho;107;69;
2014;Gondomar;1304;339;
2014;Maia;1306;209;
2014;Matosinhos;1308;480;
2014;Oliveira de Azeméis;113;166;
2014;Paredes;1310;177;
2014;Porto;1312;905;
2014;Póvoa de Varzim;1313;164;
2014;Santa Maria da Feira;109;289;
2014;Santo Tirso;1314;135;
2014;São João da Madeira;116;55;
2014;Trofa;1318;63;
2014;Vale de Cambra;119;27;
2014;Valongo;1315;223;
2014;Vila do Conde;1316;151;
2014;Vila Nova de Gaia;1317;829;
2014;Boticas;1702;9;
2014;Chaves;1703;81;
2014;Montalegre;1706;13;
2014;Ribeira de Pena;1709;8;
2014;Valpaços;1712;40;
2014;Vila Pouca de Aguiar;1713;23;
2014;Amarante;1301;129;
2014;Baião;1302;55;
2014;Castelo de Paiva;106;20;
2014;Celorico de Basto;305;21;
2014;Cinfães;1804;51;
2014;Felgueiras;1303;97;
2014;Lousada;1305;66;
2014;Marco de Canaveses;1307;103;
2014;Paços de Ferreira;1309;86;
2014;Penafiel;1311;142;
2014;Resende;1813;46;
2014;Alijó;1701;29;
2014;Armamar;1801;5;
2014;Carrazeda de Ansiães;403;14;
2014;Freixo de Espada à Cinta;404;12;
2014;Lamego;1805;67;
2014;Mesão Frio;1704;25;
2014;Moimenta da Beira;1807;22;
2014;Murça;1707;23;
2014;Penedono;1812;3;
2014;Peso da Régua;1708;64;
2014;Sabrosa;1710;14;
2014;Santa Marta de Penaguião;1711;23;
2014;São João da Pesqueira;1815;11;
2014;Sernancelhe;1818;10;
2014;Tabuaço;1819;15;
2014;Tarouca;1820;18;
2014;Torre de Moncorvo;409;15;
2014;Vila Nova de Foz Côa;914;19;
2014;Vila Real;1714;104;
2014;Alfândega da Fé;401;6;
2014;Bragança;402;82;
2014;Macedo de Cavaleiros;405;27;
2014;Miranda do Douro;406;15;
2014;Mirandela;407;62;
2014;Mogadouro;408;16;
2014;Vila Flor;410;6;
2014;Vimioso;411;11;
2014;Vinhais;412;10;
2014;Alcobaça;1001;96;
2014;Alenquer;1101;62;
2014;Arruda dos Vinhos;1102;19;
2014;Bombarral;1005;26;
2014;Cadaval;1104;19;
2014;Caldas da Rainha;1006;32;
2014;Lourinhã;1108;30;
2014;Nazaré;1011;25;
2014;Óbidos;1012;11;
2014;Peniche;1014;25;
2014;Sobral de Monte Agraço;1112;16;
2014;Torres Vedras;1113;135;
2014;Águeda;101;117;
2014;Albergaria-a-Velha;102;60;
2014;Anadia;103;47;
2014;Aveiro;105;159;
2014;Estarreja;108;91;
2014;Ílhavo;110;91;
2014;Murtosa;112;23;
2014;Oliveira do Bairro;114;71;
2014;Ovar;115;131;
2014;Sever do Vouga;117;25;
2014;Vagos;118;36;
2014;Arganil;601;19;
2014;Cantanhede;602;97;
2014;Coimbra;603;394;
2014;Condeixa-a-Nova;604;39;
2014;Figueira da Foz;605;137;
2014;Góis;606;11;
2014;Lousã;607;32;
2014;Mealhada;111;22;
2014;Mira;608;33;
2014;Miranda do Corvo;609;27;
2014;Montemor-o-Velho;610;47;
2014;Mortágua;1808;10;
2014;Oliveira do Hospital;611;34;
2014;Pampilhosa da Serra;612;0;
2014;Penacova;613;40;
2014;Penela;614;16;
2014;Soure;615;31;
2014;Tábua;616;36;
2014;Vila Nova de Poiares;617;9;
2014;Alvaiázere;1002;5;
2014;Ansião;1003;15;
2014;Batalha;1004;29;
2014;Castanheira de Pêra;1007;6;
2014;Figueiró dos Vinhos;1008;10;
2014;Leiria;1009;240;
2014;Marinha Grande;1010;97;
2014;Pedrógão Grande;1013;6;
2014;Pombal;1015;97;
2014;Porto de Mós;1016;34;
2014;Aguiar da Beira;901;6;
2014;Carregal do Sal;1802;10;
2014;Castro Daire;1803;15;
2014;Mangualde;1806;29;
2014;Nelas;1809;15;
2014;Oliveira de Frades;1810;27;
2014;Penalva do Castelo;1811;20;
2014;Santa Comba Dão;1814;22;
2014;São Pedro do Sul;1816;21;
2014;Sátão;1817;13;
2014;Tondela;1821;39;
2014;Vila Nova de Paiva;1822;8;
2014;Viseu;1823;267;
2014;Vouzela;1824;20;
2014;Castelo Branco;502;156;
2014;Idanha-a-Nova;505;12;
2014;Oleiros;506;8;
2014;Penamacor;507;11;
2014;Proença-a-Nova;508;0;
2014;Vila Velha de Ródão;511;4;
2014;Abrantes;1401;74;
2014;Alcanena;1402;21;
2014;Constância;1408;4;
2014;Entroncamento;1410;34;
2014;Ferreira do Zêzere;1411;13;
2014;Mação;1413;5;
2014;Ourém;1421;64;
2014;Sardoal;1417;0;
2014;Sertã;509;20;
2014;Tomar;1418;110;
2014;Torres Novas;1419;67;
2014;Vila de Rei;510;0;
2014;Vila Nova da Barquinha;1420;10;
2014;Almeida;902;16;
2014;Belmonte;501;17;
2014;Celorico da Beira;903;28;
2014;Covilhã;503;106;
2014;Figueira de Castelo Rodrigo;904;14;
2014;Fornos de Algodres;905;3;
2014;Fundão;504;43;
2014;Gouveia;906;25;
2014;Guarda;907;79;
2014;Manteigas;908;14;
2014;Mêda;909;13;
2014;Pinhel;910;4;
2014;Sabugal;911;19;
2014;Seia;912;56;
2014;Trancoso;913;17;
2014;Alcochete;1502;38;
2014;Almada;1503;421;
2014;Amadora;1115;394;
2014;Barreiro;1504;174;
2014;Cascais;1105;431;
2014;Lisboa;1106;1497;
2014;Loures;1107;536;
2014;Mafra;1109;115;
2014;Moita;1506;185;
2014;Montijo;1507;123;
2014;Odivelas;1116;388;
2014;Oeiras;1110;426;
2014;Palmela;1508;131;
2014;Seixal;1510;369;
2014;Sesimbra;1511;112;
2014;Setúbal;1512;288;
2014;Sintra;1111;520;
2014;Vila Franca de Xira;1114;320;
2014;Alcácer do Sal;1501;16;
2014;Grândola;1505;36;
2014;Odemira;211;23;
2014;Santiago do Cacém;1509;46;
2014;Sines;1513;46;
2014;Aljustrel;201;19;
2014;Almodôvar;202;8;
2014;Alvito;203;15;
2014;Barrancos;204;0;
2014;Beja;205;55;
2014;Castro Verde;206;13;
2014;Cuba;207;13;
2014;Ferreira do Alentejo;208;16;
2014;Mértola;209;5;
2014;Moura;210;29;
2014;Ourique;212;3;
2014;Serpa;213;7;
2014;Vidigueira;214;15;
2014;Almeirim;1403;21;
2014;Alpiarça;1404;9;
2014;Azambuja;1103;46;
2014;Benavente;1405;52;
2014;Cartaxo;1406;57;
2014;Chamusca;1407;20;
2014;Coruche;1409;30;
2014;Golegã;1412;8;
2014;Rio Maior;1414;22;
2014;Salvaterra de Magos;1415;35;
2014;Santarém;1416;126;
2014;Alter do Chão;1201;4;
2014;Arronches;1202;6;
2014;Avis;1203;5;
2014;Campo Maior;1204;17;
2014;Castelo de Vide;1205;0;
2014;Crato;1206;10;
2014;Elvas;1207;73;
2014;Fronteira;1208;8;
2014;Gavião;1209;4;
2014;Marvão;1210;7;
2014;Monforte;1211;3;
2014;Nisa;1212;3;
2014;Ponte de Sor;1213;28;
2014;Portalegre;1214;51;
2014;Sousel;1215;4;
2014;Alandroal;701;4;
2014;Arraiolos;702;12;
2014;Borba;703;5;
2014;Estremoz;704;13;
2014;Évora;705;112;
2014;Montemor-o-Novo;706;20;
2014;Mora;707;9;
2014;Mourão;708;5;
2014;Portel;709;5;
2014;Redondo;710;29;
2014;Reguengos de Monsaraz;711;26;
2014;Vendas Novas;712;38;
2014;Viana do Alentejo;713;6;
2014;Vila Viçosa;714;10;
2014;Albufeira;801;112;
2014;Alcoutim;802;3;
2014;Aljezur;803;7;
2014;Castro Marim;804;7;
2014;Faro;805;189;
2014;Lagoa;806;49;
2014;Lagos;807;86;
2014;Loulé;808;148;
2014;Monchique;809;4;
2014;Olhão;810;131;
2014;Portimão;811;141;
2014;São Brás de Alportel;812;15;
2014;Silves;813;75;
2014;Tavira;814;39;
2014;Vila do Bispo;815;0;
2014;Vila Real de Santo António;816;55;
2014;Vila do Porto;4101;6;
2014;Lagoa [R.A.A.];4201;40;
2014;Nordeste;4202;21;
2014;Ponta Delgada;4203;295;
2014;Povoação;4204;23;
2014;Ribeira Grande;4205;180;
2014;Vila Franca do Campo;4206;19;
2014;Angra do Heroísmo;4301;103;
2014;Vila da Praia da Vitória;4302;83;
2014;Santa Cruz da Graciosa;4401;13;
2014;Calheta [R.A.A.];4501;0;
2014;Velas;4502;12;
2014;Lajes do Pico;4601;8;
2014;Madalena;4602;13;
2014;São Roque do Pico;4603;6;
2014;Horta;4701;33;
2014;Lajes das Flores;4801;8;
2014;Santa Cruz das Flores;4802;14;
2014;Corvo;4901;0;
2014;Calheta [R.A.M.];3101;15;
2014;Câmara de Lobos;3102;93;
2014;Funchal;3103;435;
2014;Machico;3104;123;
2014;Ponta do Sol;3105;16;
2014;Porto Moniz;3106;9;
2014;Ribeira Brava;3107;39;
2014;Santa Cruz;3108;37;
2014;Santana;3109;31;
2014;São Vicente;3110;12;
2014;Porto Santo;3201;10;
2015;Arcos de Valdevez;1601;45;
2015;Caminha;1602;34;
2015;Melgaço;1603;11;
2015;Monção;1604;16;
2015;Paredes de Coura;1605;8;
2015;Ponte da Barca;1606;9;
2015;Ponte de Lima;1607;57;
2015;Valença;1608;52;
2015;Viana do Castelo;1609;212;
2015;Vila Nova de Cerveira;1610;22;
2015;Amares;301;44;
2015;Barcelos;302;192;
2015;Braga;303;329;
2015;Esposende;306;64;
2015;Terras de Bouro;310;11;
2015;Vila Verde;313;79;
2015;Cabeceiras de Basto;304;29;
2015;Fafe;307;73;
2015;Guimarães;308;228;
2015;Mondim de Basto;1705;18;
2015;Póvoa de Lanhoso;309;37;
2015;Vieira do Minho;311;20;
2015;Vila Nova de Famalicão;312;247;
2015;Vizela;314;28;
2015;Arouca;104;30;
2015;Espinho;107;57;
2015;Gondomar;1304;327;
2015;Maia;1306;248;
2015;Matosinhos;1308;409;
2015;Oliveira de Azeméis;113;153;
2015;Paredes;1310;167;
2015;Porto;1312;806;
2015;Póvoa de Varzim;1313;135;
2015;Santa Maria da Feira;109;323;
2015;Santo Tirso;1314;131;
2015;São João da Madeira;116;65;
2015;Trofa;1318;62;
2015;Vale de Cambra;119;19;
2015;Valongo;1315;186;
2015;Vila do Conde;1316;164;
2015;Vila Nova de Gaia;1317;738;
2015;Boticas;1702;9;
2015;Chaves;1703;83;
2015;Montalegre;1706;14;
2015;Ribeira de Pena;1709;11;
2015;Valpaços;1712;34;
2015;Vila Pouca de Aguiar;1713;29;
2015;Amarante;1301;140;
2015;Baião;1302;61;
2015;Castelo de Paiva;106;11;
2015;Celorico de Basto;305;26;
2015;Cinfães;1804;30;
2015;Felgueiras;1303;80;
2015;Lousada;1305;67;
2015;Marco de Canaveses;1307;87;
2015;Paços de Ferreira;1309;120;
2015;Penafiel;1311;117;
2015;Resende;1813;27;
2015;Alijó;1701;26;
2015;Armamar;1801;9;
2015;Carrazeda de Ansiães;403;14;
2015;Freixo de Espada à Cinta;404;11;
2015;Lamego;1805;48;
2015;Mesão Frio;1704;18;
2015;Moimenta da Beira;1807;21;
2015;Murça;1707;17;
2015;Penedono;1812;6;
2015;Peso da Régua;1708;62;
2015;Sabrosa;1710;9;
2015;Santa Marta de Penaguião;1711;12;
2015;São João da Pesqueira;1815;14;
2015;Sernancelhe;1818;9;
2015;Tabuaço;1819;19;
2015;Tarouca;1820;11;
2015;Torre de Moncorvo;409;11;
2015;Vila Nova de Foz Côa;914;24;
2015;Vila Real;1714;110;
2015;Alfândega da Fé;401;13;
2015;Bragança;402;50;
2015;Macedo de Cavaleiros;405;32;
2015;Miranda do Douro;406;17;
2015;Mirandela;407;57;
2015;Mogadouro;408;22;
2015;Vila Flor;410;11;
2015;Vimioso;411;9;
2015;Vinhais;412;6;
2015;Alcobaça;1001;69;
2015;Alenquer;1101;47;
2015;Arruda dos Vinhos;1102;23;
2015;Bombarral;1005;20;
2015;Cadaval;1104;17;
2015;Caldas da Rainha;1006;63;
2015;Lourinhã;1108;41;
2015;Nazaré;1011;27;
2015;Óbidos;1012;16;
2015;Peniche;1014;21;
2015;Sobral de Monte Agraço;1112;24;
2015;Torres Vedras;1113;130;
2015;Águeda;101;84;
2015;Albergaria-a-Velha;102;56;
2015;Anadia;103;45;
2015;Aveiro;105;149;
2015;Estarreja;108;80;
2015;Ílhavo;110;95;
2015;Murtosa;112;24;
2015;Oliveira do Bairro;114;45;
2015;Ovar;115;114;
2015;Sever do Vouga;117;24;
2015;Vagos;118;41;
2015;Arganil;601;27;
2015;Cantanhede;602;112;
2015;Coimbra;603;356;
2015;Condeixa-a-Nova;604;35;
2015;Figueira da Foz;605;115;
2015;Góis;606;3;
2015;Lousã;607;35;
2015;Mealhada;111;22;
2015;Mira;608;25;
2015;Miranda do Corvo;609;27;
2015;Montemor-o-Velho;610;50;
2015;Mortágua;1808;15;
2015;Oliveira do Hospital;611;27;
2015;Pampilhosa da Serra;612;0;
2015;Penacova;613;26;
2015;Penela;614;6;
2015;Soure;615;34;
2015;Tábua;616;12;
2015;Vila Nova de Poiares;617;11;
2015;Alvaiázere;1002;7;
2015;Ansião;1003;13;
2015;Batalha;1004;32;
2015;Castanheira de Pêra;1007;7;
2015;Figueiró dos Vinhos;1008;13;
2015;Leiria;1009;266;
2015;Marinha Grande;1010;81;
2015;Pedrógão Grande;1013;10;
2015;Pombal;1015;75;
2015;Porto de Mós;1016;47;
2015;Aguiar da Beira;901;0;
2015;Carregal do Sal;1802;31;
2015;Castro Daire;1803;15;
2015;Mangualde;1806;46;
2015;Nelas;1809;17;
2015;Oliveira de Frades;1810;15;
2015;Penalva do Castelo;1811;16;
2015;Santa Comba Dão;1814;28;
2015;São Pedro do Sul;1816;21;
2015;Sátão;1817;10;
2015;Tondela;1821;43;
2015;Vila Nova de Paiva;1822;8;
2015;Viseu;1823;243;
2015;Vouzela;1824;16;
2015;Castelo Branco;502;123;
2015;Idanha-a-Nova;505;10;
2015;Oleiros;506;11;
2015;Penamacor;507;5;
2015;Proença-a-Nova;508;4;
2015;Vila Velha de Ródão;511;8;
2015;Abrantes;1401;81;
2015;Alcanena;1402;29;
2015;Constância;1408;11;
2015;Entroncamento;1410;34;
2015;Ferreira do Zêzere;1411;11;
2015;Mação;1413;5;
2015;Ourém;1421;80;
2015;Sardoal;1417;7;
2015;Sertã;509;17;
2015;Tomar;1418;98;
2015;Torres Novas;1419;88;
2015;Vila de Rei;510;9;
2015;Vila Nova da Barquinha;1420;6;
2015;Almeida;902;8;
2015;Belmonte;501;19;
2015;Celorico da Beira;903;25;
2015;Covilhã;503;97;
2015;Figueira de Castelo Rodrigo;904;15;
2015;Fornos de Algodres;905;3;
2015;Fundão;504;59;
2015;Gouveia;906;27;
2015;Guarda;907;91;
2015;Manteigas;908;12;
2015;Mêda;909;9;
2015;Pinhel;910;8;
2015;Sabugal;911;13;
2015;Seia;912;76;
2015;Trancoso;913;23;
2015;Alcochete;1502;27;
2015;Almada;1503;456;
2015;Amadora;1115;435;
2015;Barreiro;1504;220;
2015;Cascais;1105;444;
2015;Lisboa;1106;1408;
2015;Loures;1107;530;
2015;Mafra;1109;115;
2015;Moita;1506;186;
2015;Montijo;1507;102;
2015;Odivelas;1116;364;
2015;Oeiras;1110;460;
2015;Palmela;1508;103;
2015;Seixal;1510;349;
2015;Sesimbra;1511;101;
2015;Setúbal;1512;261;
2015;Sintra;1111;570;
2015;Vila Franca de Xira;1114;308;
2015;Alcácer do Sal;1501;20;
2015;Grândola;1505;33;
2015;Odemira;211;25;
2015;Santiago do Cacém;1509;35;
2015;Sines;1513;33;
2015;Aljustrel;201;11;
2015;Almodôvar;202;6;
2015;Alvito;203;4;
2015;Barrancos;204;0;
2015;Beja;205;52;
2015;Castro Verde;206;8;
2015;Cuba;207;13;
2015;Ferreira do Alentejo;208;16;
2015;Mértola;209;7;
2015;Moura;210;32;
2015;Ourique;212;4;
2015;Serpa;213;10;
2015;Vidigueira;214;17;
2015;Almeirim;1403;21;
2015;Alpiarça;1404;8;
2015;Azambuja;1103;41;
2015;Benavente;1405;66;
2015;Cartaxo;1406;52;
2015;Chamusca;1407;5;
2015;Coruche;1409;33;
2015;Golegã;1412;5;
2015;Rio Maior;1414;51;
2015;Salvaterra de Magos;1415;25;
2015;Santarém;1416;109;
2015;Alter do Chão;1201;7;
2015;Arronches;1202;6;
2015;Avis;1203;14;
2015;Campo Maior;1204;17;
2015;Castelo de Vide;1205;5;
2015;Crato;1206;9;
2015;Elvas;1207;75;
2015;Fronteira;1208;9;
2015;Gavião;1209;8;
2015;Marvão;1210;7;
2015;Monforte;1211;3;
2015;Nisa;1212;7;
2015;Ponte de Sor;1213;54;
2015;Portalegre;1214;53;
2015;Sousel;1215;6;
2015;Alandroal;701;0;
2015;Arraiolos;702;11;
2015;Borba;703;6;
2015;Estremoz;704;19;
2015;Évora;705;139;
2015;Montemor-o-Novo;706;26;
2015;Mora;707;8;
2015;Mourão;708;0;
2015;Portel;709;6;
2015;Redondo;710;13;
2015;Reguengos de Monsaraz;711;33;
2015;Vendas Novas;712;40;
2015;Viana do Alentejo;713;13;
2015;Vila Viçosa;714;7;
2015;Albufeira;801;135;
2015;Alcoutim;802;0;
2015;Aljezur;803;4;
2015;Castro Marim;804;11;
2015;Faro;805;187;
2015;Lagoa;806;58;
2015;Lagos;807;58;
2015;Loulé;808;146;
2015;Monchique;809;5;
2015;Olhão;810;146;
2015;Portimão;811;124;
2015;São Brás de Alportel;812;33;
2015;Silves;813;83;
2015;Tavira;814;53;
2015;Vila do Bispo;815;0;
2015;Vila Real de Santo António;816;51;
2015;Vila do Porto;4101;15;
2015;Lagoa [R.A.A.];4201;35;
2015;Nordeste;4202;17;
2015;Ponta Delgada;4203;268;
2015;Povoação;4204;16;
2015;Ribeira Grande;4205;195;
2015;Vila Franca do Campo;4206;30;
2015;Angra do Heroísmo;4301;63;
2015;Vila da Praia da Vitória;4302;69;
2015;Santa Cruz da Graciosa;4401;12;
2015;Calheta [R.A.A.];4501;3;
2015;Velas;4502;8;
2015;Lajes do Pico;4601;4;
2015;Madalena;4602;13;
2015;São Roque do Pico;4603;9;
2015;Horta;4701;39;
2015;Lajes das Flores;4801;0;
2015;Santa Cruz das Flores;4802;11;
2015;Corvo;4901;3;
2015;Calheta [R.A.M.];3101;19;
2015;Câmara de Lobos;3102;114;
2015;Funchal;3103;414;
2015;Machico;3104;103;
2015;Ponta do Sol;3105;18;
2015;Porto Moniz;3106;17;
2015;Ribeira Brava;3107;58;
2015;Santa Cruz;3108;66;
2015;Santana;3109;14;
2015;São Vicente;3110;18;
2015;Porto Santo;3201;17;
2016;Arcos de Valdevez;1601;58;
2016;Caminha;1602;27;
2016;Melgaço;1603;11;
2016;Monção;1604;21;
2016;Paredes de Coura;1605;10;
2016;Ponte da Barca;1606;22;
2016;Ponte de Lima;1607;49;
2016;Valença;1608;40;
2016;Viana do Castelo;1609;202;
2016;Vila Nova de Cerveira;1610;15;
2016;Amares;301;49;
2016;Barcelos;302;219;
2016;Braga;303;359;
2016;Esposende;306;64;
2016;Terras de Bouro;310;10;
2016;Vila Verde;313;85;
2016;Cabeceiras de Basto;304;31;
2016;Fafe;307;77;
2016;Guimarães;308;226;
2016;Mondim de Basto;1705;19;
2016;Póvoa de Lanhoso;309;41;
2016;Vieira do Minho;311;16;
2016;Vila Nova de Famalicão;312;250;
2016;Vizela;314;38;
2016;Arouca;104;24;
2016;Espinho;107;77;
2016;Gondomar;1304;359;
2016;Maia;1306;265;
2016;Matosinhos;1308;420;
2016;Oliveira de Azeméis;113;127;
2016;Paredes;1310;195;
2016;Porto;1312;775;
2016;Póvoa de Varzim;1313;151;
2016;Santa Maria da Feira;109;279;
2016;Santo Tirso;1314;136;
2016;São João da Madeira;116;60;
2016;Trofa;1318;72;
2016;Vale de Cambra;119;20;
2016;Valongo;1315;193;
2016;Vila do Conde;1316;168;
2016;Vila Nova de Gaia;1317;770;
2016;Boticas;1702;7;
2016;Chaves;1703;83;
2016;Montalegre;1706;18;
2016;Ribeira de Pena;1709;7;
2016;Valpaços;1712;45;
2016;Vila Pouca de Aguiar;1713;19;
2016;Amarante;1301;118;
2016;Baião;1302;66;
2016;Castelo de Paiva;106;26;
2016;Celorico de Basto;305;29;
2016;Cinfães;1804;24;
2016;Felgueiras;1303;83;
2016;Lousada;1305;69;
2016;Marco de Canaveses;1307;82;
2016;Paços de Ferreira;1309;105;
2016;Penafiel;1311;110;
2016;Resende;1813;41;
2016;Alijó;1701;16;
2016;Armamar;1801;13;
2016;Carrazeda de Ansiães;403;14;
2016;Freixo de Espada à Cinta;404;8;
2016;Lamego;1805;54;
2016;Mesão Frio;1704;17;
2016;Moimenta da Beira;1807;10;
2016;Murça;1707;11;
2016;Penedono;1812;3;
2016;Peso da Régua;1708;42;
2016;Sabrosa;1710;10;
2016;Santa Marta de Penaguião;1711;14;
2016;São João da Pesqueira;1815;19;
2016;Sernancelhe;1818;7;
2016;Tabuaço;1819;5;
2016;Tarouca;1820;16;
2016;Torre de Moncorvo;409;13;
2016;Vila Nova de Foz Côa;914;18;
2016;Vila Real;1714;93;
2016;Alfândega da Fé;401;5;
2016;Bragança;402;72;
2016;Macedo de Cavaleiros;405;42;
2016;Miranda do Douro;406;19;
2016;Mirandela;407;42;
2016;Mogadouro;408;18;
2016;Vila Flor;410;9;
2016;Vimioso;411;5;
2016;Vinhais;412;10;
2016;Alcobaça;1001;79;
2016;Alenquer;1101;48;
2016;Arruda dos Vinhos;1102;29;
2016;Bombarral;1005;14;
2016;Cadaval;1104;32;
2016;Caldas da Rainha;1006;79;
2016;Lourinhã;1108;27;
2016;Nazaré;1011;25;
2016;Óbidos;1012;8;
2016;Peniche;1014;29;
2016;Sobral de Monte Agraço;1112;15;
2016;Torres Vedras;1113;137;
2016;Águeda;101;83;
2016;Albergaria-a-Velha;102;54;
2016;Anadia;103;45;
2016;Aveiro;105;171;
2016;Estarreja;108;56;
2016;Ílhavo;110;84;
2016;Murtosa;112;25;
2016;Oliveira do Bairro;114;74;
2016;Ovar;115;130;
2016;Sever do Vouga;117;18;
2016;Vagos;118;38;
2016;Arganil;601;29;
2016;Cantanhede;602;95;
2016;Coimbra;603;342;
2016;Condeixa-a-Nova;604;25;
2016;Figueira da Foz;605;130;
2016;Góis;606;11;
2016;Lousã;607;37;
2016;Mealhada;111;25;
2016;Mira;608;25;
2016;Miranda do Corvo;609;21;
2016;Montemor-o-Velho;610;62;
2016;Mortágua;1808;12;
2016;Oliveira do Hospital;611;36;
2016;Pampilhosa da Serra;612;7;
2016;Penacova;613;29;
2016;Penela;614;11;
2016;Soure;615;34;
2016;Tábua;616;26;
2016;Vila Nova de Poiares;617;12;
2016;Alvaiázere;1002;13;
2016;Ansião;1003;19;
2016;Batalha;1004;18;
2016;Castanheira de Pêra;1007;5;
2016;Figueiró dos Vinhos;1008;9;
2016;Leiria;1009;214;
2016;Marinha Grande;1010;109;
2016;Pedrógão Grande;1013;9;
2016;Pombal;1015;52;
2016;Porto de Mós;1016;41;
2016;Aguiar da Beira;901;9;
2016;Carregal do Sal;1802;18;
2016;Castro Daire;1803;7;
2016;Mangualde;1806;40;
2016;Nelas;1809;14;
2016;Oliveira de Frades;1810;17;
2016;Penalva do Castelo;1811;8;
2016;Santa Comba Dão;1814;36;
2016;São Pedro do Sul;1816;25;
2016;Sátão;1817;10;
2016;Tondela;1821;42;
2016;Vila Nova de Paiva;1822;6;
2016;Viseu;1823;258;
2016;Vouzela;1824;21;
2016;Castelo Branco;502;115;
2016;Idanha-a-Nova;505;14;
2016;Oleiros;506;9;
2016;Penamacor;507;13;
2016;Proença-a-Nova;508;9;
2016;Vila Velha de Ródão;511;3;
2016;Abrantes;1401;76;
2016;Alcanena;1402;21;
2016;Constância;1408;6;
2016;Entroncamento;1410;37;
2016;Ferreira do Zêzere;1411;7;
2016;Mação;1413;11;
2016;Ourém;1421;78;
2016;Sardoal;1417;5;
2016;Sertã;509;22;
2016;Tomar;1418;98;
2016;Torres Novas;1419;73;
2016;Vila de Rei;510;4;
2016;Vila Nova da Barquinha;1420;6;
2016;Almeida;902;10;
2016;Belmonte;501;19;
2016;Celorico da Beira;903;21;
2016;Covilhã;503;113;
2016;Figueira de Castelo Rodrigo;904;7;
2016;Fornos de Algodres;905;6;
2016;Fundão;504;48;
2016;Gouveia;906;17;
2016;Guarda;907;78;
2016;Manteigas;908;3;
2016;Mêda;909;7;
2016;Pinhel;910;10;
2016;Sabugal;911;15;
2016;Seia;912;68;
2016;Trancoso;913;19;
2016;Alcochete;1502;43;
2016;Almada;1503;397;
2016;Amadora;1115;460;
2016;Barreiro;1504;203;
2016;Cascais;1105;424;
2016;Lisboa;1106;1482;
2016;Loures;1107;564;
2016;Mafra;1109;96;
2016;Moita;1506;125;
2016;Montijo;1507;112;
2016;Odivelas;1116;404;
2016;Oeiras;1110;453;
2016;Palmela;1508;139;
2016;Seixal;1510;368;
2016;Sesimbra;1511;93;
2016;Setúbal;1512;273;
2016;Sintra;1111;693;
2016;Vila Franca de Xira;1114;333;
2016;Alcácer do Sal;1501;24;
2016;Grândola;1505;27;
2016;Odemira;211;47;
2016;Santiago do Cacém;1509;34;
2016;Sines;1513;37;
2016;Aljustrel;201;20;
2016;Almodôvar;202;3;
2016;Alvito;203;0;
2016;Barrancos;204;3;
2016;Beja;205;47;
2016;Castro Verde;206;5;
2016;Cuba;207;7;
2016;Ferreira do Alentejo;208;27;
2016;Mértola;209;0;
2016;Moura;210;32;
2016;Ourique;212;7;
2016;Serpa;213;19;
2016;Vidigueira;214;9;
2016;Almeirim;1403;15;
2016;Alpiarça;1404;12;
2016;Azambuja;1103;37;
2016;Benavente;1405;52;
2016;Cartaxo;1406;45;
2016;Chamusca;1407;11;
2016;Coruche;1409;28;
2016;Golegã;1412;10;
2016;Rio Maior;1414;41;
2016;Salvaterra de Magos;1415;32;
2016;Santarém;1416;97;
2016;Alter do Chão;1201;6;
2016;Arronches;1202;4;
2016;Avis;1203;9;
2016;Campo Maior;1204;20;
2016;Castelo de Vide;1205;9;
2016;Crato;1206;5;
2016;Elvas;1207;79;
2016;Fronteira;1208;3;
2016;Gavião;1209;17;
2016;Marvão;1210;5;
2016;Monforte;1211;3;
2016;Nisa;1212;12;
2016;Ponte de Sor;1213;68;
2016;Portalegre;1214;42;
2016;Sousel;1215;12;
2016;Alandroal;701;7;
2016;Arraiolos;702;14;
2016;Borba;703;11;
2016;Estremoz;704;19;
2016;Évora;705;141;
2016;Montemor-o-Novo;706;18;
2016;Mora;707;16;
2016;Mourão;708;5;
2016;Portel;709;15;
2016;Redondo;710;20;
2016;Reguengos de Monsaraz;711;29;
2016;Vendas Novas;712;32;
2016;Viana do Alentejo;713;15;
2016;Vila Viçosa;714;9;
2016;Albufeira;801;140;
2016;Alcoutim;802;4;
2016;Aljezur;803;7;
2016;Castro Marim;804;5;
2016;Faro;805;179;
2016;Lagoa;806;68;
2016;Lagos;807;56;
2016;Loulé;808;214;
2016;Monchique;809;9;
2016;Olhão;810;136;
2016;Portimão;811;129;
2016;São Brás de Alportel;812;22;
2016;Silves;813;76;
2016;Tavira;814;61;
2016;Vila do Bispo;815;5;
2016;Vila Real de Santo António;816;66;
2016;Vila do Porto;4101;11;
2016;Lagoa [R.A.A.];4201;59;
2016;Nordeste;4202;14;
2016;Ponta Delgada;4203;288;
2016;Povoação;4204;26;
2016;Ribeira Grande;4205;160;
2016;Vila Franca do Campo;4206;24;
2016;Angra do Heroísmo;4301;79;
2016;Vila da Praia da Vitória;4302;56;
2016;Santa Cruz da Graciosa;4401;11;
2016;Calheta [R.A.A.];4501;3;
2016;Velas;4502;14;
2016;Lajes do Pico;4601;10;
2016;Madalena;4602;18;
2016;São Roque do Pico;4603;8;
2016;Horta;4701;47;
2016;Lajes das Flores;4801;0;
2016;Santa Cruz das Flores;4802;10;
2016;Corvo;4901;0;
2016;Calheta [R.A.M.];3101;27;
2016;Câmara de Lobos;3102;88;
2016;Funchal;3103;418;
2016;Machico;3104;111;
2016;Ponta do Sol;3105;15;
2016;Porto Moniz;3106;6;
2016;Ribeira Brava;3107;32;
2016;Santa Cruz;3108;55;
2016;Santana;3109;8;
2016;São Vicente;3110;13;
2016;Porto Santo;3201;18;
2017;Arcos de Valdevez;1601;55;21144
2017;Caminha;1602;33;15897
2017;Melgaço;1603;10;8250
2017;Monção;1604;23;18042
2017;Paredes de Coura;1605;8;8617
2017;Ponte da Barca;1606;26;11287
2017;Ponte de Lima;1607;56;41724
2017;Valença;1608;36;13341
2017;Viana do Castelo;1609;179;85017
2017;Vila Nova de Cerveira;1610;28;8859
2017;Amares;301;60;18147
2017;Barcelos;302;229;117007
2017;Braga;303;345;181382
2017;Esposende;306;66;33977
2017;Terras de Bouro;310;17;6487
2017;Vila Verde;313;106;46953
2017;Cabeceiras de Basto;304;51;15819
2017;Fafe;307;102;48577
2017;Guimarães;308;230;153294
2017;Mondim de Basto;1705;14;7013
2017;Póvoa de Lanhoso;309;48;21464
2017;Vieira do Minho;311;24;12018
2017;Vila Nova de Famalicão;312;214;131909
2017;Vizela;314;24;23760
2017;Arouca;104;27;21039
2017;Espinho;107;86;29533
2017;Gondomar;1304;388;165626
2017;Maia;1306;236;136769
2017;Matosinhos;1308;397;173753
2017;Oliveira de Azeméis;113;119;66258
2017;Paredes;1310;196;86115
2017;Porto;1312;730;214587
2017;Póvoa de Varzim;1313;156;62376
2017;Santa Maria da Feira;109;248;138613
2017;Santo Tirso;1314;103;68524
2017;São João da Madeira;116;53;21581
2017;Trofa;1318;51;38257
2017;Vale de Cambra;119;13;21525
2017;Valongo;1315;183;95908
2017;Vila do Conde;1316;159;79418
2017;Vila Nova de Gaia;1317;730;299820
2017;Boticas;1702;4;5139
2017;Chaves;1703;72;39500
2017;Montalegre;1706;15;9222
2017;Ribeira de Pena;1709;14;6088
2017;Valpaços;1712;25;15111
2017;Vila Pouca de Aguiar;1713;14;12097
2017;Amarante;1301;125;53614
2017;Baião;1302;58;19051
2017;Castelo de Paiva;106;17;15679
2017;Celorico de Basto;305;39;19186
2017;Cinfães;1804;29;18653
2017;Felgueiras;1303;90;56726
2017;Lousada;1305;72;46839
2017;Marco de Canaveses;1307;102;51871
2017;Paços de Ferreira;1309;105;56705
2017;Penafiel;1311;113;70078
2017;Resende;1813;29;10366
2017;Alijó;1701;26;10807
2017;Armamar;1801;12;5838
2017;Carrazeda de Ansiães;403;8;5730
2017;Freixo de Espada à Cinta;404;11;3358
2017;Lamego;1805;51;25090
2017;Mesão Frio;1704;14;4018
2017;Moimenta da Beira;1807;12;9745
2017;Murça;1707;10;5514
2017;Penedono;1812;0;2643
2017;Peso da Régua;1708;34;15927
2017;Sabrosa;1710;13;5938
2017;Santa Marta de Penaguião;1711;21;6705
2017;São João da Pesqueira;1815;15;7205
2017;Sernancelhe;1818;8;5401
2017;Tabuaço;1819;12;6039
2017;Tarouca;1820;13;7743
2017;Torre de Moncorvo;409;9;7797
2017;Vila Nova de Foz Côa;914;31;6597
2017;Vila Real;1714;86;49951
2017;Alfândega da Fé;401;6;4584
2017;Bragança;402;66;33668
2017;Macedo de Cavaleiros;405;37;14643
2017;Miranda do Douro;406;9;6929
2017;Mirandela;407;48;21963
2017;Mogadouro;408;16;8573
2017;Vila Flor;410;14;6126
2017;Vimioso;411;9;4092
2017;Vinhais;412;12;7969
2017;Alcobaça;1001;64;54124
2017;Alenquer;1101;74;43493
2017;Arruda dos Vinhos;1102;21;14925
2017;Bombarral;1005;23;12582
2017;Cadaval;1104;27;13717
2017;Caldas da Rainha;1006;92;51605
2017;Lourinhã;1108;34;25674
2017;Nazaré;1011;46;14268
2017;Óbidos;1012;5;11709
2017;Peniche;1014;24;26683
2017;Sobral de Monte Agraço;1112;14;10408
2017;Torres Vedras;1113;133;78518
2017;Águeda;101;86;46333
2017;Albergaria-a-Velha;102;62;24260
2017;Anadia;103;65;27576
2017;Aveiro;105;199;77630
2017;Estarreja;108;59;26074
2017;Ílhavo;110;107;38453
2017;Murtosa;112;33;10307
2017;Oliveira do Bairro;114;46;23847
2017;Ovar;115;142;54318
2017;Sever do Vouga;117;16;11544
2017;Vagos;118;37;22753
2017;Arganil;601;18;11181
2017;Cantanhede;602;74;35348
2017;Coimbra;603;321;134156
2017;Condeixa-a-Nova;604;26;17583
2017;Figueira da Foz;605;116;59393
2017;Góis;606;3;3890
2017;Lousã;607;31;17190
2017;Mealhada;111;36;19999
2017;Mira;608;33;11932
2017;Miranda do Corvo;609;19;12777
2017;Montemor-o-Velho;610;49;25399
2017;Mortágua;1808;18;8948
2017;Oliveira do Hospital;611;27;19564
2017;Pampilhosa da Serra;612;0;4086
2017;Penacova;613;35;13999
2017;Penela;614;11;5485
2017;Soure;615;26;17520
2017;Tábua;616;20;11529
2017;Vila Nova de Poiares;617;13;6969
2017;Alvaiázere;1002;15;6710
2017;Ansião;1003;11;12270
2017;Batalha;1004;31;15852
2017;Castanheira de Pêra;1007;7;2688
2017;Figueiró dos Vinhos;1008;10;5696
2017;Leiria;1009;220;125307
2017;Marinha Grande;1010;103;38527
2017;Pedrógão Grande;1013;7;3479
2017;Pombal;1015;55;52324
2017;Porto de Mós;1016;39;23456
2017;Aguiar da Beira;901;5;4831
2017;Carregal do Sal;1802;22;9367
2017;Castro Daire;1803;9;14159
2017;Mangualde;1806;45;18827
2017;Nelas;1809;22;13201
2017;Oliveira de Frades;1810;13;9955
2017;Penalva do Castelo;1811;8;7283
2017;Santa Comba Dão;1814;24;10640
2017;São Pedro do Sul;1816;31;15685
2017;Sátão;1817;15;11743
2017;Tondela;1821;31;26942
2017;Vila Nova de Paiva;1822;11;4792
2017;Viseu;1823;242;97423
2017;Vouzela;1824;14;9783
2017;Castelo Branco;502;128;52703
2017;Idanha-a-Nova;505;14;8360
2017;Oleiros;506;12;5120
2017;Penamacor;507;14;4920
2017;Proença-a-Nova;508;8;7505
2017;Vila Velha de Ródão;511;7;3206
2017;Abrantes;1401;45;35839
2017;Alcanena;1402;22;12961
2017;Constância;1408;7;3998
2017;Entroncamento;1410;50;21035
2017;Ferreira do Zêzere;1411;10;8056
2017;Mação;1413;7;6452
2017;Ourém;1421;74;44406
2017;Sardoal;1417;5;3778
2017;Sertã;509;17;14854
2017;Tomar;1418;62;37351
2017;Torres Novas;1419;49;35208
2017;Vila de Rei;510;7;3336
2017;Vila Nova da Barquinha;1420;5;7381
2017;Almeida;902;13;6062
2017;Belmonte;501;25;6460
2017;Celorico da Beira;903;18;7064
2017;Covilhã;503;100;47660
2017;Figueira de Castelo Rodrigo;904;13;5733
2017;Fornos de Algodres;905;7;4646
2017;Fundão;504;44;27039
2017;Gouveia;906;19;12711
2017;Guarda;907;75;39486
2017;Manteigas;908;6;3094
2017;Mêda;909;20;4689
2017;Pinhel;910;14;8727
2017;Sabugal;911;15;11003
2017;Seia;912;71;22742
2017;Trancoso;913;20;9072
2017;Alcochete;1502;38;19285
2017;Almada;1503;428;169152
2017;Amadora;1115;537;179942
2017;Barreiro;1504;195;75715
2017;Cascais;1105;426;211714
2017;Lisboa;1106;1490;506088
2017;Loures;1107;569;209442
2017;Mafra;1109;104;83289
2017;Moita;1506;150;64616
2017;Montijo;1507;131;56305
2017;Odivelas;1116;343;157829
2017;Oeiras;1110;371;175224
2017;Palmela;1508;103;64230
2017;Seixal;1510;356;165971
2017;Sesimbra;1511;106;51282
2017;Setúbal;1512;323;116330
2017;Sintra;1111;711;386038
2017;Vila Franca de Xira;1114;306;141227
2017;Alcácer do Sal;1501;21;11853
2017;Grândola;1505;35;14626
2017;Odemira;211;36;24741
2017;Santiago do Cacém;1509;27;28892
2017;Sines;1513;31;13662
2017;Aljustrel;201;26;8396
2017;Almodôvar;202;0;6813
2017;Alvito;203;6;2459
2017;Barrancos;204;5;1669
2017;Beja;205;54;33804
2017;Castro Verde;206;7;7010
2017;Cuba;207;6;4657
2017;Ferreira do Alentejo;208;26;7915
2017;Mértola;209;6;6319
2017;Moura;210;36;13928
2017;Ourique;212;4;4735
2017;Serpa;213;23;14620
2017;Vidigueira;214;7;5543
2017;Almeirim;1403;22;22782
2017;Alpiarça;1404;3;7155
2017;Azambuja;1103;23;22358
2017;Benavente;1405;58;30073
2017;Cartaxo;1406;31;23855
2017;Chamusca;1407;13;9385
2017;Coruche;1409;24;17980
2017;Golegã;1412;7;5447
2017;Rio Maior;1414;42;20437
2017;Salvaterra de Magos;1415;30;21420
2017;Santarém;1416;132;57823
2017;Alter do Chão;1201;6;3229
2017;Arronches;1202;6;2910
2017;Avis;1203;11;4288
2017;Campo Maior;1204;15;8022
2017;Castelo de Vide;1205;6;3012
2017;Crato;1206;14;3251
2017;Elvas;1207;66;20998
2017;Fronteira;1208;3;3012
2017;Gavião;1209;5;3446
2017;Marvão;1210;8;3124
2017;Monforte;1211;3;3025
2017;Nisa;1212;7;6292
2017;Ponte de Sor;1213;41;15285
2017;Portalegre;1214;61;22627
2017;Sousel;1215;17;4536
2017;Alandroal;701;0;5164
2017;Arraiolos;702;12;6999
2017;Borba;703;13;6879
2017;Estremoz;704;26;12975
2017;Évora;705;128;52874
2017;Montemor-o-Novo;706;26;15942
2017;Mora;707;11;4283
2017;Mourão;708;5;2484
2017;Portel;709;11;5938
2017;Redondo;710;15;6475
2017;Reguengos de Monsaraz;711;14;10128
2017;Vendas Novas;712;57;11381
2017;Viana do Alentejo;713;6;5200
2017;Vila Viçosa;714;9;7814
2017;Albufeira;801;124;40824
2017;Alcoutim;802;4;2318
2017;Aljezur;803;3;5585
2017;Castro Marim;804;8;6336
2017;Faro;805;196;60920
2017;Lagoa;806;60;22753
2017;Lagos;807;61;30543
2017;Loulé;808;222;69044
2017;Monchique;809;8;5278
2017;Olhão;810;122;44849
2017;Portimão;811;184;55331
2017;São Brás de Alportel;812;19;10459
2017;Silves;813;76;36258
2017;Tavira;814;50;25014
2017;Vila do Bispo;815;9;5161
2017;Vila Real de Santo António;816;63;18944
2017;Vila do Porto;4101;9;5649
2017;Lagoa [R.A.A.];4201;67;14693
2017;Nordeste;4202;8;4907
2017;Ponta Delgada;4203;266;68055
2017;Povoação;4204;21;5995
2017;Ribeira Grande;4205;199;32721
2017;Vila Franca do Campo;4206;37;11148
2017;Angra do Heroísmo;4301;93;34105
2017;Vila da Praia da Vitória;4302;82;21414
2017;Santa Cruz da Graciosa;4401;11;4267
2017;Calheta [R.A.A.];4501;12;3236
2017;Velas;4502;12;5171
2017;Lajes do Pico;4601;8;4550
2017;Madalena;4602;7;5909
2017;São Roque do Pico;4603;5;3278
2017;Horta;4701;41;14640
2017;Lajes das Flores;4801;0;1485
2017;Santa Cruz das Flores;4802;12;2177
2017;Corvo;4901;0;462
2017;Calheta [R.A.M.];3101;21;10901
2017;Câmara de Lobos;3102;112;33847
2017;Funchal;3103;387;104442
2017;Machico;3104;112;20272
2017;Ponta do Sol;3105;13;8559
2017;Porto Moniz;3106;6;2370
2017;Ribeira Brava;3107;45;12428
2017;Santa Cruz;3108;35;44417
2017;Santana;3109;9;6808
2017;São Vicente;3110;12;5151
2017;Porto Santo;3201;6;5173
2018;Arcos de Valdevez;;41;
2018;Caminha;;31;
2018;Melgaço;;12;
2018;Monção;;18;
2018;Paredes de Coura;;24;
2018;Ponte da Barca;;37;
2018;Ponte de Lima;;82;
2018;Valença;;42;
2018;Viana do Castelo;;211;
2018;Vila Nova de Cerveira;;20;
2018;Cávado;;820;
2018;Amares;;57;
2018;Barcelos;;234;
2018;Braga;;373;
2018;Esposende;;48;
2018;Terras de Bouro;;12;
2018;Vila Verde;;96;
2018;Ave;;718;
2018;Cabeceiras de Basto;;30;
2018;Fafe;;113;
2018;Guimarães;;235;
2018;Mondim de Basto;;11;
2018;Póvoa de Lanhoso;;52;
2018;Vieira do Minho;;15;
2018;Vila Nova de Famalicão;;237;
2018;Vizela;;25;
2018;Arouca;;38;
2018;Espinho;;86;
2018;Gondomar;;388;
2018;Maia;;206;
2018;Matosinhos;;430;
2018;Oliveira de Azeméis;;156;
2018;Paredes;;185;
2018;Porto;;630;
2018;Póvoa de Varzim;;141;
2018;Santa Maria da Feira;;279;
2018;Santo Tirso;;135;
2018;São João da Madeira;;49;
2018;Trofa;;81;
2018;Vale de Cambra;;29;
2018;Valongo;;178;
2018;Vila do Conde;;165;
2018;Vila Nova de Gaia;;811;
2018;Alto Tâmega;;161;
2018;Boticas;;6;
2018;Chaves;;80;
2018;Montalegre;;23;
2018;Ribeira de Pena;;9;
2018;Valpaços;;29;
2018;Vila Pouca de Aguiar;;14;
2018;Tâmega e Sousa;;765;
2018;Amarante;;90;
2018;Baião;;64;
2018;Castelo de Paiva;;13;
2018;Celorico de Basto;;38;
2018;Cinfães;;35;
2018;Felgueiras;;101;
2018;Lousada;;65;
2018;Marco de Canaveses;;95;
2018;Paços de Ferreira;;91;
2018;Penafiel;;144;
2018;Resende;;29;
2018;Douro;;371;
2018;Alijó;;19;
2018;Armamar;;10;
2018;Carrazeda de Ansiães;;11;
2018;Freixo de Espada à Cinta;;8;
2018;Lamego;;32;
2018;Mesão Frio;;6;
2018;Moimenta da Beira;;13;
2018;Murça;;7;
2018;Penedono;;5;
2018;Peso da Régua;;36;
2018;Sabrosa;;9;
2018;Santa Marta de Penaguião;;23;
2018;São João da Pesqueira;;21;
2018;Sernancelhe;;7;
2018;Tabuaço;;14;
2018;Tarouca;;17;
2018;Torre de Moncorvo;;11;
2018;Vila Nova de Foz Côa;;34;
2018;Vila Real;;88;
2018;Terras de Trás-os-Montes;;211;
2018;Alfândega da Fé;;8;
2018;Bragança;;53;
2018;Macedo de Cavaleiros;;32;
2018;Miranda do Douro;;19;
2018;Mirandela;;32;
2018;Mogadouro;;24;
2018;Vila Flor;;16;
2018;Vimioso;;13;
2018;Vinhais;;14;
2018;Centro;;4176;
2018;Oeste;;556;
2018;Alcobaça;;55;
2018;Alenquer;;70;
2018;Arruda dos Vinhos;;31;
2018;Bombarral;;28;
2018;Cadaval;;33;
2018;Caldas da Rainha;;65;
2018;Lourinhã;;34;
2018;Nazaré;;27;
2018;Óbidos;;11;
2018;Peniche;;35;
2018;Sobral de Monte Agraço;;17;
2018;Torres Vedras;;150;
2018;Águeda;;92;
2018;Albergaria-a-Velha;;64;
2018;Anadia;;49;
2018;Aveiro;;203;
2018;Estarreja;;75;
2018;Ílhavo;;95;
2018;Murtosa;;24;
2018;Oliveira do Bairro;;50;
2018;Ovar;;128;
2018;Sever do Vouga;;15;
2018;Vagos;;41;
2018;Arganil;;22;
2018;Cantanhede;;82;
2018;Coimbra;;276;
2018;Condeixa-a-Nova;;14;
2018;Figueira da Foz;;134;
2018;Góis;;10;
2018;Lousã;;26;
2018;Mealhada;;33;
2018;Mira;;25;
2018;Miranda do Corvo;;25;
2018;Montemor-o-Velho;;36;
2018;Mortágua;;13;
2018;Oliveira do Hospital;;27;
2018;Pampilhosa da Serra;;7;
2018;Penacova;;24;
2018;Penela;;7;
2018;Soure;;31;
2018;Tábua;;20;
2018;Vila Nova de Poiares;;16;
2018;Alvaiázere;;8;
2018;Ansião;;22;
2018;Batalha;;31;
2018;Castanheira de Pêra;;8;
2018;Figueiró dos Vinhos;;6;
2018;Leiria;;214;
2018;Marinha Grande;;108;
2018;Pedrógão Grande;;11;
2018;Pombal;;58;
2018;Porto de Mós;;34;
2018;Viseu Dão Lafões;;519;
2018;Aguiar da Beira;;8;
2018;Carregal do Sal;;16;
2018;Castro Daire;;5;
2018;Mangualde;;40;
2018;Nelas;;27;
2018;Oliveira de Frades;;17;
2018;Penalva do Castelo;;11;
2018;Santa Comba Dão;;23;
2018;São Pedro do Sul;;49;
2018;Sátão;;29;
2018;Tondela;;39;
2018;Vila Nova de Paiva;;10;
2018;Viseu;;226;
2018;Vouzela;;19;
2018;Beira Baixa;;146;
2018;Castelo Branco;;101;
2018;Idanha-a-Nova;;17;
2018;Oleiros;;6;
2018;Penamacor;;10;
2018;Proença-a-Nova;;4;
2018;Vila Velha de Ródão;;8;
2018;Médio Tejo;;312;
2018;Abrantes;;64;
2018;Alcanena;;22;
2018;Constância;;3;
2018;Entroncamento;;28;
2018;Ferreira do Zêzere;;14;
2018;Mação;;8;
2018;Ourém;;48;
2018;Sardoal;;4;
2018;Sertã;;25;
2018;Tomar;;48;
2018;Torres Novas;;41;
2018;Vila de Rei;;4;
2018;Vila Nova da Barquinha;;3;
2018;Beiras e Serra da Estrela;;479;
2018;Almeida;;14;
2018;Belmonte;;19;
2018;Celorico da Beira;;15;
2018;Covilhã;;131;
2018;Figueira de Castelo Rodrigo;;13;
2018;Fornos de Algodres;;11;
2018;Fundão;;57;
2018;Gouveia;;14;
2018;Guarda;;73;
2018;Manteigas;;7;
2018;Mêda;;13;
2018;Pinhel;;15;
2018;Sabugal;;14;
2018;Seia;;60;
2018;Trancoso;;23;
2018;Alcochete;;38;
2018;Almada;;422;
2018;Amadora;;474;
2018;Barreiro;;245;
2018;Cascais;;385;
2018;Lisboa;;1334;
2018;Loures;;522;
2018;Mafra;;94;
2018;Moita;;154;
2018;Montijo;;141;
2018;Odivelas;;356;
2018;Oeiras;;259;
2018;Palmela;;128;
2018;Seixal;;347;
2018;Sesimbra;;107;
2018;Setúbal;;293;
2018;Sintra;;877;
2018;Vila Franca de Xira;;306;
2018;Alentejo;;1433;
2018;Alentejo Litoral;;206;
2018;Alcácer do Sal;;45;
2018;Grândola;;31;
2018;Odemira;;51;
2018;Santiago do Cacém;;39;
2018;Sines;;40;
2018;Baixo Alentejo;;215;
2018;Aljustrel;;21;
2018;Almodôvar;;5;
2018;Alvito;;8;
2018;Barrancos;;0;
2018;Beja;;57;
2018;Castro Verde;;10;
2018;Cuba;;6;
2018;Ferreira do Alentejo;;43;
2018;Mértola;;7;
2018;Moura;;23;
2018;Ourique;;3;
2018;Serpa;;22;
2018;Vidigueira;;8;
2018;Lezíria do Tejo;;404;
2018;Almeirim;;28;
2018;Alpiarça;;3;
2018;Azambuja;;35;
2018;Benavente;;68;
2018;Cartaxo;;42;
2018;Chamusca;;21;
2018;Coruche;;17;
2018;Golegã;;8;
2018;Rio Maior;;44;
2018;Salvaterra de Magos;;30;
2018;Santarém;;108;
2018;Alto Alentejo;;283;
2018;Alter do Chão;;4;
2018;Arronches;;3;
2018;Avis;;11;
2018;Campo Maior;;17;
2018;Castelo de Vide;;3;
2018;Crato;;10;
2018;Elvas;;79;
2018;Fronteira;;6;
2018;Gavião;;6;
2018;Marvão;;12;
2018;Monforte;;7;
2018;Nisa;;12;
2018;Ponte de Sor;;34;
2018;Portalegre;;65;
2018;Sousel;;14;
2018;Alentejo Central;;325;
2018;Alandroal;;4;
2018;Arraiolos;;14;
2018;Borba;;12;
2018;Estremoz;;17;
2018;Évora;;124;
2018;Montemor-o-Novo;;17;
2018;Mora;;12;
2018;Mourão;;5;
2018;Portel;;11;
2018;Redondo;;21;
2018;Reguengos de Monsaraz;;32;
2018;Vendas Novas;;38;
2018;Viana do Alentejo;;11;
2018;Vila Viçosa;;7;
2018;Algarve;;1169;
2018;Algarve;;1169;
2018;Albufeira;;107;
2018;Alcoutim;;5;
2018;Aljezur;;9;
2018;Castro Marim;;11;
2018;Faro;;162;
2018;Lagoa;;61;
2018;Lagos;;68;
2018;Loulé;;214;
2018;Monchique;;8;
2018;Olhão;;130;
2018;Portimão;;163;
2018;São Brás de Alportel;;33;
2018;Silves;;91;
2018;Tavira;;45;
2018;Vila do Bispo;;14;
2018;Vila Real de Santo António;;48;
2018;Vila do Porto;;12;
2018;Lagoa [R.A.A.];;41;
2018;Nordeste;;16;
2018;Ponta Delgada;;229;
2018;Povoação;;10;
2018;Ribeira Grande;;226;
2018;Vila Franca do Campo;;22;
2018;Angra do Heroísmo;;92;
2018;Vila da Praia da Vitória;;79;
2018;Santa Cruz da Graciosa;;21;
2018;Calheta [R.A.A.];;9;
2018;Velas;;11;
2018;Lajes do Pico;;4;
2018;Madalena;;8;
2018;São Roque do Pico;;9;
2018;Horta;;33;
2018;Lajes das Flores;;0;
2018;Santa Cruz das Flores;;7;
2018;Corvo;;0;
2018;Calheta [R.A.M.];;12;
2018;Câmara de Lobos;;136;
2018;Funchal;;396;
2018;Machico;;60;
2018;Ponta do Sol;;0;
2018;Porto Moniz;;10;
2018;Ribeira Brava;;43;
2018;Santa Cruz;;56;
2018;Santana;;4;
2018;São Vicente;;7;
2018;Porto Santo;;14;
2019;Arcos de Valdevez;;62;
2019;Caminha;;33;
2019;Melgaço;;14;
2019;Monção;;21;
2019;Paredes de Coura;;11;
2019;Ponte da Barca;;21;
2019;Ponte de Lima;;71;
2019;Valença;;44;
2019;Viana do Castelo;;249;
2019;Vila Nova de Cerveira;;31;
2019;Cávado;;892;
2019;Amares;;67;
2019;Barcelos;;247;
2019;Braga;;384;
2019;Esposende;;63;
2019;Terras de Bouro;;17;
2019;Vila Verde;;114;
2019;Ave;;803;
2019;Cabeceiras de Basto;;29;
2019;Fafe;;119;
2019;Guimarães;;290;
2019;Mondim de Basto;;19;
2019;Póvoa de Lanhoso;;37;
2019;Vieira do Minho;;23;
2019;Vila Nova de Famalicão;;249;
2019;Vizela;;37;
2019;Arouca;;45;
2019;Espinho;;86;
2019;Gondomar;;437;
2019;Maia;;239;
2019;Matosinhos;;384;
2019;Oliveira de Azeméis;;149;
2019;Paredes;;181;
2019;Porto;;744;
2019;Póvoa de Varzim;;176;
2019;Santa Maria da Feira;;365;
2019;Santo Tirso;;126;
2019;São João da Madeira;;71;
2019;Trofa;;59;
2019;Vale de Cambra;;35;
2019;Valongo;;214;
2019;Vila do Conde;;201;
2019;Vila Nova de Gaia;;801;
2019;Alto Tâmega;;194;
2019;Boticas;;6;
2019;Chaves;;95;
2019;Montalegre;;16;
2019;Ribeira de Pena;;15;
2019;Valpaços;;45;
2019;Vila Pouca de Aguiar;;17;
2019;Tâmega e Sousa;;776;
2019;Amarante;;107;
2019;Baião;;35;
2019;Castelo de Paiva;;21;
2019;Celorico de Basto;;16;
2019;Cinfães;;32;
2019;Felgueiras;;98;
2019;Lousada;;76;
2019;Marco de Canaveses;;102;
2019;Paços de Ferreira;;94;
2019;Penafiel;;163;
2019;Resende;;32;
2019;Douro;;381;
2019;Alijó;;35;
2019;Armamar;;15;
2019;Carrazeda de Ansiães;;9;
2019;Freixo de Espada à Cinta;;9;
2019;Lamego;;39;
2019;Mesão Frio;;11;
2019;Moimenta da Beira;;17;
2019;Murça;;11;
2019;Penedono;;0;
2019;Peso da Régua;;26;
2019;Sabrosa;;19;
2019;Santa Marta de Penaguião;;9;
2019;São João da Pesqueira;;17;
2019;Sernancelhe;;11;
2019;Tabuaço;;14;
2019;Tarouca;;14;
2019;Torre de Moncorvo;;10;
2019;Vila Nova de Foz Côa;;29;
2019;Vila Real;;85;
2019;Terras de Trás-os-Montes;;263;
2019;Alfândega da Fé;;11;
2019;Bragança;;76;
2019;Macedo de Cavaleiros;;39;
2019;Miranda do Douro;;8;
2019;Mirandela;;63;
2019;Mogadouro;;24;
2019;Vila Flor;;15;
2019;Vimioso;;15;
2019;Vinhais;;12;
2019;Centro;;4719;
2019;Oeste;;639;
2019;Alcobaça;;59;
2019;Alenquer;;71;
2019;Arruda dos Vinhos;;34;
2019;Bombarral;;27;
2019;Cadaval;;23;
2019;Caldas da Rainha;;91;
2019;Lourinhã;;44;
2019;Nazaré;;42;
2019;Óbidos;;10;
2019;Peniche;;45;
2019;Sobral de Monte Agraço;;24;
2019;Torres Vedras;;169;
2019;Águeda;;104;
2019;Albergaria-a-Velha;;86;
2019;Anadia;;74;
2019;Aveiro;;190;
2019;Estarreja;;97;
2019;Ílhavo;;94;
2019;Murtosa;;25;
2019;Oliveira do Bairro;;59;
2019;Ovar;;110;
2019;Sever do Vouga;;21;
2019;Vagos;;47;
2019;Arganil;;21;
2019;Cantanhede;;92;
2019;Coimbra;;264;
2019;Condeixa-a-Nova;;17;
2019;Figueira da Foz;;155;
2019;Góis;;6;
2019;Lousã;;33;
2019;Mealhada;;32;
2019;Mira;;42;
2019;Miranda do Corvo;;18;
2019;Montemor-o-Velho;;41;
2019;Mortágua;;16;
2019;Oliveira do Hospital;;42;
2019;Pampilhosa da Serra;;5;
2019;Penacova;;11;
2019;Penela;;10;
2019;Soure;;16;
2019;Tábua;;26;
2019;Vila Nova de Poiares;;16;
2019;Alvaiázere;;11;
2019;Ansião;;12;
2019;Batalha;;29;
2019;Castanheira de Pêra;;10;
2019;Figueiró dos Vinhos;;11;
2019;Leiria;;217;
2019;Marinha Grande;;112;
2019;Pedrógão Grande;;10;
2019;Pombal;;79;
2019;Porto de Mós;;59;
2019;Viseu Dão Lafões;;593;
2019;Aguiar da Beira;;0;
2019;Carregal do Sal;;25;
2019;Castro Daire;;25;
2019;Mangualde;;59;
2019;Nelas;;26;
2019;Oliveira de Frades;;25;
2019;Penalva do Castelo;;17;
2019;Santa Comba Dão;;32;
2019;São Pedro do Sul;;39;
2019;Sátão;;23;
2019;Tondela;;49;
2019;Vila Nova de Paiva;;14;
2019;Viseu;;239;
2019;Vouzela;;18;
2019;Beira Baixa;;189;
2019;Castelo Branco;;133;
2019;Idanha-a-Nova;;20;
2019;Oleiros;;3;
2019;Penamacor;;14;
2019;Proença-a-Nova;;16;
2019;Vila Velha de Ródão;;3;
2019;Médio Tejo;;436;
2019;Abrantes;;69;
2019;Alcanena;;18;
2019;Constância;;6;
2019;Entroncamento;;61;
2019;Ferreira do Zêzere;;10;
2019;Mação;;7;
2019;Ourém;;71;
2019;Sardoal;;9;
2019;Sertã;;44;
2019;Tomar;;68;
2019;Torres Novas;;62;
2019;Vila de Rei;;3;
2019;Vila Nova da Barquinha;;8;
2019;Beiras e Serra da Estrela;;542;
2019;Almeida;;3;
2019;Belmonte;;21;
2019;Celorico da Beira;;17;
2019;Covilhã;;143;
2019;Figueira de Castelo Rodrigo;;11;
2019;Fornos de Algodres;;3;
2019;Fundão;;68;
2019;Gouveia;;29;
2019;Guarda;;91;
2019;Manteigas;;0;
2019;Mêda;;14;
2019;Pinhel;;27;
2019;Sabugal;;19;
2019;Seia;;70;
2019;Trancoso;;24;
2019;Alcochete;;42;
2019;Almada;;444;
2019;Amadora;;511;
2019;Barreiro;;305;
2019;Cascais;;425;
2019;Lisboa;;1551;
2019;Loures;;517;
2019;Mafra;;128;
2019;Moita;;187;
2019;Montijo;;135;
2019;Odivelas;;351;
2019;Oeiras;;285;
2019;Palmela;;160;
2019;Seixal;;368;
2019;Sesimbra;;137;
2019;Setúbal;;384;
2019;Sintra;;1091;
2019;Vila Franca de Xira;;321;
2019;Alentejo;;1601;
2019;Alentejo Litoral;;232;
2019;Alcácer do Sal;;34;
2019;Grândola;;42;
2019;Odemira;;65;
2019;Santiago do Cacém;;47;
2019;Sines;;44;
2019;Baixo Alentejo;;195;
2019;Aljustrel;;13;
2019;Almodôvar;;9;
2019;Alvito;;4;
2019;Barrancos;;3;
2019;Beja;;56;
2019;Castro Verde;;10;
2019;Cuba;;10;
2019;Ferreira do Alentejo;;24;
2019;Mértola;;5;
2019;Moura;;19;
2019;Ourique;;8;
2019;Serpa;;25;
2019;Vidigueira;;9;
2019;Lezíria do Tejo;;579;
2019;Almeirim;;48;
2019;Alpiarça;;18;
2019;Azambuja;;53;
2019;Benavente;;78;
2019;Cartaxo;;41;
2019;Chamusca;;18;
2019;Coruche;;27;
2019;Golegã;;11;
2019;Rio Maior;;54;
2019;Salvaterra de Magos;;51;
2019;Santarém;;180;
2019;Alto Alentejo;;283;
2019;Alter do Chão;;7;
2019;Arronches;;9;
2019;Avis;;21;
2019;Campo Maior;;25;
2019;Castelo de Vide;;0;
2019;Crato;;5;
2019;Elvas;;79;
2019;Fronteira;;0;
2019;Gavião;;6;
2019;Marvão;;8;
2019;Monforte;;7;
2019;Nisa;;4;
2019;Ponte de Sor;;28;
2019;Portalegre;;75;
2019;Sousel;;5;
2019;Alentejo Central;;312;
2019;Alandroal;;14;
2019;Arraiolos;;5;
2019;Borba;;11;
2019;Estremoz;;20;
2019;Évora;;114;
2019;Montemor-o-Novo;;11;
2019;Mora;;12;
2019;Mourão;;5;
2019;Portel;;10;
2019;Redondo;;18;
2019;Reguengos de Monsaraz;;22;
2019;Vendas Novas;;51;
2019;Viana do Alentejo;;11;
2019;Vila Viçosa;;8;
2019;Algarve;;1377;
2019;Algarve;;1377;
2019;Albufeira;;129;
2019;Alcoutim;;5;
2019;Aljezur;;12;
2019;Castro Marim;;11;
2019;Faro;;223;
2019;Lagoa;;79;
2019;Lagos;;63;
2019;Loulé;;267;
2019;Monchique;;7;
2019;Olhão;;122;
2019;Portimão;;172;
2019;São Brás de Alportel;;30;
2019;Silves;;132;
2019;Tavira;;54;
2019;Vila do Bispo;;9;
2019;Vila Real de Santo António;;62;
2019;Vila do Porto;;11;
2019;Lagoa [R.A.A.];;56;
2019;Nordeste;;18;
2019;Ponta Delgada;;257;
2019;Povoação;;20;
2019;Ribeira Grande;;152;
2019;Vila Franca do Campo;;35;
2019;Angra do Heroísmo;;115;
2019;Vila da Praia da Vitória;;71;
2019;Santa Cruz da Graciosa;;14;
2019;Calheta [R.A.A.];;4;
2019;Velas;;15;
2019;Lajes do Pico;;0;
2019;Madalena;;10;
2019;São Roque do Pico;;7;
2019;Horta;;37;
2019;Lajes das Flores;;3;
2019;Santa Cruz das Flores;;11;
2019;Corvo;;0;
2019;Calheta [R.A.M.];;12;
2019;Câmara de Lobos;;121;
2019;Funchal;;375;
2019;Machico;;46;
2019;Ponta do Sol;;12;
2019;Porto Moniz;;3;
2019;Ribeira Brava;;32;
2019;Santa Cruz;;75;
2019;Santana;;14;
2019;São Vicente;;6;
2019;Porto Santo;;22;
